Date,Time,Ingredient,"Optional - 
Direct Entry Description",Amount,"Measuring
unit",Calories,Fat (g),Sodium (mg),Carb (g),Fiber (g),Added Sugar (g),Protein (g),Calcium (mg),Potassium (mg),Caffeine (mg),Iron (mg),Cost ($),Food category
8/4/2025,09:30,Greek Yogurt (0% Fat - Trader Joe's),,200,gram,113,0,88,8,0,0,20,224,282,0,0,$ 0.00,Dairy
8/4/2025,09:30,"Granola (Chocolate Coffee, Trader Joe's)",,60,gram,269,8,83,43,5,16,5,21,248,0,0,$ 0.70,Carbs
8/4/2025,09:30,"Banana (medium, around 150g with skin)",,1,pc,95,0,1,22,3,0,1,6,350,0,0,$ 0.00,Plants
8/4/2025,11:00,"Protein Powder, Grass Fed (Levels)",,1,Scoop,131,3,125,3,0,0,24,100,160,0,0,$ 0.00,Bulk ingredients
8/4/2025,11:00,"Fruits, Frozen (Average, Trader Joe's)",,120,gram,62,0,0,15,3,0,0,17,180,0,0,$ 1.06,Plants
8/4/2025,11:00,Oats,,60,gram,226,4,0,41,6,0,8,0,210,0,3,$ 0.26,Bulk ingredients
8/4/2025,11:00,Husks (Whole Psyllium),,1,tbsp,16,0,5,4,4,0,0,0,49,0,0,$ 0.00,Fibers
8/4/2025,11:30,"Cheese, Gouda Double Cream (Trader Joe's)",,45,gram,175,14,321,3,0,0,8,603,0,0,0,$ 0.00,Dairy
8/4/2025,11:30,"Peanut butter with Honey (organic, Justin's)",,25,gram,160,13,70,5,1,3,5,0,70,0,0,$ 0.00,Bulk ingredients
8/4/2025,11:30,"Bread, Organic 5 Seed Multigrain (Trader Joe's)",,85,gram,238,8,440,33,5,0,9,30,152,0,0,$ 0.00,Carbs
8/4/2025,11:30,"Banana (medium, around 150g with skin)",,1,pc,95,0,1,22,3,0,1,6,350,0,0,$ 0.00,Plants
8/4/2025,13:00,Egg (L) whole,,2,egg (L),140,9,126,2,0,0,13,48,146,0,1,$ 1.25,Proteins
8/4/2025,13:00,"Bread, Organic 5 Seed Multigrain (Trader Joe's)",,85,gram,238,8,440,33,5,0,9,30,152,0,0,$ 0.00,Carbs
8/4/2025,13:00,Olive oil,,1,tbsp,126,14,0,0,0,0,0,0,0,0,0,$ 0.20,Oils and butters
8/4/2025,13:00,"Cheese, Cream Whipped (Trader Joe's)",,25,gram,89,9,88,1,0,0,1,0,0,0,0,$ 0.00,Dairy
8/4/2025,16:00,Protein Bar (Think! Any Flavor),,1,bar,257,9,230,24,0,0,20,90,110,0,0,$ 0.00,Processed Foods
8/4/2025,16:00,"Apple (small, around 150g in total)",,1,pc,84,0,2,21,4,0,0,10,195,0,0,$ 1.32,Plants
8/4/2025,16:00,"Cashews, Whole (Salted, 50% Less Sodium, Trader Joe's)",,35,gram,212,16,64,11,1,0,6,12,222,0,2,$ 0.65,"Nuts, seeds, legumes"
8/4/2025,21:00,Greek Yogurt (0% Fat - Trader Joe's),,200,gram,113,0,88,8,0,0,20,224,282,0,0,$ 0.00,Dairy
8/4/2025,21:00,Blueberries (fresh),,35,gram,23,0,0,5,1,0,0,2,27,0,0,$ 0.48,Plants
8/4/2025,21:00,Honey,,15,gram,55,0,0,14,0,0,0,0,0,0,0,$ 0.36,Sweets
8/5/2025,10:00,Greek Yogurt (0% Fat - Trader Joe's),,200,gram,113,0,88,8,0,0,20,224,282,0,0,$ 0.00,Dairy
8/5/2025,10:00,"Granola (Chocolate Coffee, Trader Joe's)",,60,gram,269,8,83,43,5,16,5,21,248,0,0,$ 0.70,Carbs
8/5/2025,10:00,"Banana (medium, around 150g with skin)",,1,pc,95,0,1,22,3,0,1,6,350,0,0,$ 0.00,Plants
8/5/2025,11:00,"Bread, Organic 5 Seed Multigrain (Trader Joe's)",,85,gram,238,8,440,33,5,0,9,30,152,0,0,$ 0.00,Carbs
8/5/2025,11:00,"Cheese, Gouda Double Cream (Trader Joe's)",,25,gram,97,8,179,2,0,0,4,335,0,0,0,$ 0.00,Dairy
8/5/2025,11:00,"Peanut butter with Honey (organic, Justin's)",,25,gram,160,13,70,5,1,3,5,0,70,0,0,$ 0.00,Bulk ingredients
8/5/2025,11:30,Direct Entry - Fat (g),Quiche,50,gram,450,50,0,0,0,0,0,0,0,0,0,$ 0.00,Processed Foods
8/5/2025,11:30,Direct Entry - Carbohydrate (g),Quiche,50,gram,200,0,0,50,0,0,0,0,0,0,0,$ 0.00,Processed Foods
8/5/2025,11:30,Direct Entry - Protein (g),Quiche,30,gram,120,0,0,0,0,0,30,0,0,0,0,$ 0.00,Processed Foods
8/5/2025,11:30,Direct Entry - Sodium (mg),Quiche,1000,mg,0,0,"1,000",0,0,0,0,0,0,0,0,$ 0.00,Processed Foods
8/5/2025,11:30,Direct Entry - Added Sugar (g) - ZERO calories,Quiche,20,gram,0,0,0,0,0,20,0,0,0,0,0,$ 0.00,Processed Foods
8/5/2025,12:30,"Cappuccino (Medium, Peet's, 2% Milk)",,1,Medium,141,5,130,15,0,11,9,325,450,126,0,$ 0.00,Dairy
8/5/2025,16:00,"Seasoning, Salt for Life (Nature's Alternative Salt)",,0.25,tsp,0,0,140,0,0,0,0,0,470,0,0,$ 0.00,Condiments
8/5/2025,16:00,"Rice, Brown Jasmine (Cooked - Trader Joe's)",,375,gram,365,3,0,75,4,0,9,0,221,0,2,$ 0.29,Carbs
8/5/2025,16:00,Egg (L) whole,,2,egg (L),140,9,126,2,0,0,13,48,146,0,1,$ 1.25,Proteins
8/5/2025,16:00,Olive oil,,2,tbsp,252,28,0,0,0,0,0,0,0,0,0,$ 0.40,Oils and butters
8/5/2025,16:00,Broccoli (dry),,100,gram,41,0,0,7,2,0,3,47,280,0,1,$ 0.97,Plants
8/5/2025,19:00,Direct Entry - Fat (g),A Mano,120,gram,"1,080",120,0,0,0,0,0,0,0,0,0,$ 0.00,Processed Foods
8/5/2025,19:00,Direct Entry - Carbohydrate (g),A Mano,100,gram,400,0,0,100,0,0,0,0,0,0,0,$ 0.00,Processed Foods
8/5/2025,19:00,Direct Entry - Protein (g),A Mano,30,gram,120,0,0,0,0,0,30,0,0,0,0,$ 0.00,Processed Foods
8/5/2025,19:00,Direct Entry - Added Sugar (g) - ZERO calories,A Mano,50,gram,0,0,0,0,0,50,0,0,0,0,0,$ 0.00,Processed Foods
8/5/2025,19:00,Direct Entry - Sodium (mg),A Mano,1000,mg,0,0,"1,000",0,0,0,0,0,0,0,0,$ 0.00,Processed Foods
8/5/2025,23:00,Honey,,15,gram,55,0,0,14,0,0,0,0,0,0,0,$ 0.36,Sweets
8/5/2025,23:00,Greek Yogurt (0% Fat - Trader Joe's),,200,gram,113,0,88,8,0,0,20,224,282,0,0,$ 0.00,Dairy
8/5/2025,23:00,Blueberries (fresh),,70,gram,46,0,1,10,2,0,1,4,54,0,0,$ 0.96,Plants
8/6/2025,08:00,Greek Yogurt (0% Fat - Trader Joe's),,200,gram,113,0,88,8,0,0,20,224,282,0,0,$ 0.00,Dairy
8/6/2025,08:00,"Granola (Chocolate Coffee, Trader Joe's)",,60,gram,269,8,83,43,5,16,5,21,248,0,0,$ 0.70,Carbs
8/6/2025,08:30,Nespresso,,1,shot,0,0,0,0,0,0,0,0,0,65,0,$ 0.99,Supplements
8/6/2025,10:45,"Rice, Brown Jasmine (Dry - Trader Joe's)",,100,gram,368,3,0,76,4,0,9,0,222,0,2,$ 0.29,Carbs
8/6/2025,10:45,Egg (L) whole,,2,egg (L),140,9,126,2,0,0,13,48,146,0,1,$ 1.25,Proteins
8/6/2025,10:45,Olive oil,,1,tbsp,126,14,0,0,0,0,0,0,0,0,0,$ 0.20,Oils and butters
8/6/2025,10:45,Broccoli (dry),,100,gram,41,0,0,7,2,0,3,47,280,0,1,$ 0.97,Plants
8/6/2025,10:45,"Seasoning, Salt for Life (Nature's Alternative Salt)",,0.25,tsp,0,0,140,0,0,0,0,0,470,0,0,$ 0.00,Condiments
8/6/2025,10:45,"Seasoning, Umami Multi-Purpose (Trader Joe's)",,0.25,tsp,0,0,140,0,0,0,0,0,0,0,0,$ 0.00,Condiments
8/6/2025,10:45,Sweet Chili Sauce (Trader Joe's),,2,tbsp,40,0,250,10,6,10,0,4,10,0,0,$ 0.00,Condiments
8/6/2025,10:45,Sriracha (Trader Joe's),,1,tsp,4,0,75,1,0,1,0,0,10,0,0,$ 0.00,Condiments
8/6/2025,13:30,"Protein Powder, Grass Fed (Levels)",,1,Scoop,131,3,125,3,0,0,24,100,160,0,0,$ 0.00,Bulk ingredients
8/6/2025,13:30,Oats,,50,gram,188,3,0,34,5,0,6,0,175,0,2,$ 0.22,Bulk ingredients
8/6/2025,13:30,Husks (Whole Psyllium),,1,tbsp,16,0,5,4,4,0,0,0,49,0,0,$ 0.00,Fibers
8/6/2025,13:30,"Fruits, Frozen (Average, Trader Joe's)",,100,gram,51,0,0,13,2,0,0,14,150,0,0,$ 0.88,Plants
8/6/2025,14:00,"Banana (medium, around 150g with skin)",,1,pc,95,0,1,22,3,0,1,6,350,0,0,$ 0.00,Plants
8/6/2025,15:45,"Beef, Ground (90% Lean, 10% Fat)",,113,gram,191,11,75,0,0,0,23,0,360,0,2,$ 1.75,Proteins
8/6/2025,15:45,"Pasta, Fusilli, Whole Wheat (De Cecco)",,100,gram,368,4,0,70,7,2,14,48,300,0,0,$ 0.67,Carbs
8/6/2025,15:45,Olive oil,,0.5,tbsp,63,7,0,0,0,0,0,0,0,0,0,$ 0.10,Oils and butters
8/6/2025,15:45,Balsamic Glaze (Trader Joe's),,1,tbsp,28,0,15,7,0,4,0,0,40,0,0,$ 0.00,Condiments
8/6/2025,15:45,Green Beans,,75,gram,27,0,5,5,3,0,1,23,113,0,1,$ 0.54,Plants
8/6/2025,15:45,"Seasoning, Salt for Life (Nature's Alternative Salt)",,0.25,tsp,0,0,140,0,0,0,0,0,470,0,0,$ 0.00,Condiments
8/6/2025,15:45,Tomato Sauce (Muir Glen),,0.25,can,49,0,35,11,2,0,2,0,280,0,0,$ 0.92,Plants
8/6/2025,17:00,"Apple (small, around 150g in total)",,1,pc,84,0,2,21,4,0,0,10,195,0,0,$ 1.32,Plants
8/6/2025,17:00,"Cashews, Whole (Salted, 50% Less Sodium, Trader Joe's)",,35,gram,212,16,64,11,1,0,6,12,222,0,2,$ 0.65,"Nuts, seeds, legumes"
8/6/2025,17:00,Protein Bar (Think! Any Flavor),,1,bar,257,9,230,24,0,0,20,90,110,0,0,$ 0.00,Processed Foods
8/6/2025,19:15,Direct Entry - Carbohydrate (g),"Whole Foods Hot Bar - 200g Potatoes, 2 meatballs (80g beef), 15ml sour cream",100,gram,400,0,0,100,0,0,0,0,0,0,0,$ 0.00,Processed Foods
8/6/2025,19:15,Direct Entry - Fat (g),"Whole Foods Hot Bar - 200g Potatoes, 2 meatballs (80g beef), 15ml sour cream",25,gram,225,25,0,0,0,0,0,0,0,0,0,$ 0.00,Processed Foods
8/6/2025,19:15,Direct Entry - Protein (g),"Whole Foods Hot Bar - 200g Potatoes, 2 meatballs (80g beef), 15ml sour cream",30,gram,120,0,0,0,0,0,30,0,0,0,0,$ 0.00,Processed Foods
8/6/2025,19:15,Direct Entry - Sodium (mg),"Whole Foods Hot Bar - 200g Potatoes, 2 meatballs (80g beef), 15ml sour cream",500,mg,0,0,500,0,0,0,0,0,0,0,0,$ 0.00,Processed Foods
8/6/2025,19:15,Direct Entry - Added Sugar (g) - ZERO calories,"Whole Foods Hot Bar - 200g Potatoes, 2 meatballs (80g beef), 15ml sour cream",5,gram,0,0,0,0,0,5,0,0,0,0,0,$ 0.00,Processed Foods
8/6/2025,20:00,"Cheese, Gouda Double Cream (Trader Joe's)",,50,gram,195,16,357,4,0,0,9,670,0,0,0,$ 0.00,Dairy
8/6/2025,20:00,"Peanut butter with Honey (organic, Justin's)",,35,gram,224,19,98,7,1,4,8,0,98,0,0,$ 0.00,Bulk ingredients
8/6/2025,21:00,Greek Yogurt (Whole Milk - Chobani),,250,gram,249,13,88,10,0,0,22,250,338,0,0,$ 2.03,Dairy
8/6/2025,21:00,Honey,,15,gram,55,0,0,14,0,0,0,0,0,0,0,$ 0.36,Sweets
8/6/2025,21:00,Blueberries (fresh),,65,gram,42,0,1,10,2,0,0,4,50,0,0,$ 0.89,Plants
8/7/2025,08:45,Greek Yogurt (Whole Milk - Chobani),,200,gram,199,11,71,8,0,0,18,200,271,0,0,$ 1.62,Dairy
8/7/2025,08:45,"Granola (Chocolate Coffee, Trader Joe's)",,50,gram,224,7,69,36,4,13,4,17,207,0,0,$ 0.59,Carbs
8/7/2025,10:30,Oats,,75,gram,282,5,0,51,8,0,9,0,263,0,3,$ 0.33,Bulk ingredients
8/7/2025,10:30,"Protein Powder, Grass Fed (Levels)",,1,Scoop,131,3,125,3,0,0,24,100,160,0,0,$ 0.00,Bulk ingredients
8/7/2025,10:30,"Fruits, Frozen (Average, Trader Joe's)",,150,gram,77,0,0,19,3,0,0,21,225,0,0,$ 1.32,Plants
8/7/2025,10:30,Husks (Whole Psyllium),,1,tbsp,16,0,5,4,4,0,0,0,49,0,0,$ 0.00,Fibers
8/7/2025,10:30,"Peanut butter with Honey (organic, Justin's)",,30,gram,192,16,84,6,1,4,7,0,84,0,0,$ 0.00,Bulk ingredients
8/7/2025,11:15,"Cappuccino (Medium, Peet's, 2% Milk)",,1,Medium,141,5,130,15,0,11,9,325,450,126,0,$ 0.00,Dairy
8/7/2025,12:45,"Beef, Ground (90% Lean, 10% Fat)",,113,gram,191,11,75,0,0,0,23,0,360,0,2,$ 1.75,Proteins
8/7/2025,12:45,"Pasta, Fusilli, Whole Wheat (De Cecco)",,125,gram,460,4,0,87,9,2,18,60,375,0,0,$ 0.83,Carbs
8/7/2025,12:45,Olive oil,,0.5,tbsp,63,7,0,0,0,0,0,0,0,0,0,$ 0.10,Oils and butters
8/7/2025,12:45,Balsamic Glaze (Trader Joe's),,1,tbsp,28,0,15,7,0,4,0,0,40,0,0,$ 0.00,Condiments
8/7/2025,12:45,Green Beans,,75,gram,27,0,5,5,3,0,1,23,113,0,1,$ 0.54,Plants
8/7/2025,12:45,"Seasoning, Salt for Life (Nature's Alternative Salt)",,0.25,tsp,0,0,140,0,0,0,0,0,470,0,0,$ 0.00,Condiments
8/7/2025,12:45,Tomato Sauce (Muir Glen),,0.25,can,49,0,35,11,2,0,2,0,280,0,0,$ 0.92,Plants
8/7/2025,15:30,"Apple (small, around 150g in total)",,1,pc,84,0,2,21,4,0,0,10,195,0,0,$ 1.32,Plants
8/7/2025,15:30,Protein Bar (Think! Any Flavor),,1,bar,257,9,230,24,0,0,20,90,110,0,0,$ 0.00,Processed Foods
8/7/2025,15:30,"Cashews, Whole (Salted, 50% Less Sodium, Trader Joe's)",,35,gram,212,16,64,11,1,0,6,12,222,0,2,$ 0.65,"Nuts, seeds, legumes"
8/7/2025,19:30,"Pasta, Spaghetti (dry weight)",,140,gram,513,3,0,108,0,0,15,0,300,0,0,$ 0.00,Carbs
8/7/2025,19:30,"Salmon, Atlantic (Skin On - Trader Joe's)",,200,gram,402,27,115,0,0,0,41,18,726,0,0,$ 0.00,Proteins
8/7/2025,19:30,"Butter (unsalted, Clover)",,20,gram,141,16,0,0,0,0,0,0,0,0,0,$ 0.00,Oils and butters
8/7/2025,19:30,Olive oil,,1,tbsp,126,14,0,0,0,0,0,0,0,0,0,$ 0.20,Oils and butters
8/7/2025,19:30,Direct Entry - Sodium (mg),"Hans salted our food, this is an estimation",500,mg,0,0,500,0,0,0,0,0,0,0,0,$ 0.00,Processed Foods
8/7/2025,21:30,Greek Yogurt (Whole Milk - Chobani),,250,gram,249,13,88,10,0,0,22,250,338,0,0,$ 2.03,Dairy
8/7/2025,21:30,Blueberries (fresh),,65,gram,42,0,1,10,2,0,0,4,50,0,0,$ 0.89,Plants
8/7/2025,21:30,Honey,,15,gram,55,0,0,14,0,0,0,0,0,0,0,$ 0.36,Sweets
8/8/2025,08:00,Greek Yogurt (0% Fat - Trader Joe's),,200,gram,113,0,88,8,0,0,20,224,282,0,0,$ 0.00,Dairy
8/8/2025,08:00,"Granola (Chocolate Coffee, Trader Joe's)",,50,gram,224,7,69,36,4,13,4,17,207,0,0,$ 0.59,Carbs
8/8/2025,10:15,"Cappuccino (Medium, Peet's, 2% Milk)",,1,Medium,141,5,130,15,0,11,9,325,450,126,0,$ 0.00,Dairy
8/8/2025,11:00,Oats,,75,gram,282,5,0,51,8,0,9,0,263,0,3,$ 0.33,Bulk ingredients
8/8/2025,11:00,JOI - Cashew Milk Concentrate,,35,gram,208,15,4,11,0,0,7,0,0,0,2,$ 0.00,Bulk ingredients
8/8/2025,11:00,"Protein Powder, Grass Fed (Levels)",,1,Scoop,131,3,125,3,0,0,24,100,160,0,0,$ 0.00,Bulk ingredients
8/8/2025,11:00,"Fruits, Frozen (Average, Trader Joe's)",,100,gram,51,0,0,13,2,0,0,14,150,0,0,$ 0.88,Plants
8/8/2025,11:00,Husks (Whole Psyllium),,1,tbsp,16,0,5,4,4,0,0,0,49,0,0,$ 0.00,Fibers
8/8/2025,12:00,"Banana (medium, around 150g with skin)",Very ripe banana,1,pc,95,0,1,22,3,0,1,6,350,0,0,$ 0.00,Plants
8/8/2025,13:30,"Beef, Ground (90% Lean, 10% Fat)",,113,gram,191,11,75,0,0,0,23,0,360,0,2,$ 1.75,Proteins
8/8/2025,13:30,"Pasta, Fusilli, Whole Wheat (De Cecco)",,150,gram,552,5,0,104,11,3,21,72,450,0,0,$ 1.00,Carbs
8/8/2025,13:30,Olive oil,,1,tbsp,126,14,0,0,0,0,0,0,0,0,0,$ 0.20,Oils and butters
8/8/2025,13:30,Balsamic Glaze (Trader Joe's),,1,tbsp,28,0,15,7,0,4,0,0,40,0,0,$ 0.00,Condiments
8/8/2025,13:30,Green Beans,,75,gram,27,0,5,5,3,0,1,23,113,0,1,$ 0.54,Plants
8/8/2025,13:30,"Seasoning, Salt for Life (Nature's Alternative Salt)",,0.25,tsp,0,0,140,0,0,0,0,0,470,0,0,$ 0.00,Condiments
8/8/2025,13:30,Tomato Sauce (Muir Glen),,0.25,can,49,0,35,11,2,0,2,0,280,0,0,$ 0.92,Plants
8/8/2025,18:00,"Apple (small, around 150g in total)",,1,pc,84,0,2,21,4,0,0,10,195,0,0,$ 1.32,Plants
8/8/2025,18:00,Protein Bar (Think! Any Flavor),,1,bar,257,9,230,24,0,0,20,90,110,0,0,$ 0.00,Processed Foods
8/8/2025,18:00,"Cashews, Whole (Salted, 50% Less Sodium, Trader Joe's)",,35,gram,212,16,64,11,1,0,6,12,222,0,2,$ 0.65,"Nuts, seeds, legumes"
8/8/2025,19:15,"Potatoes, Mashed (Whole Foods Hot Bar - Estimation)",,430,gram,399,0,645,90,9,0,9,52,"1,978",0,0,$ 0.00,Carbs
8/8/2025,19:15,Olive oil,,2,tbsp,252,28,0,0,0,0,0,0,0,0,0,$ 0.40,Oils and butters
8/8/2025,19:15,Chicken Breast (Whole Foods Hot Bar - Estimation),,120,gram,203,6,180,0,0,0,37,0,300,0,0,$ 0.00,Proteins
8/8/2025,21:15,"Milk (2%, Clover Sonoma)",,400,ml,228,8,233,22,0,0,17,583,767,0,0,$ 0.74,Bulk ingredients
8/8/2025,22:30,Greek Yogurt (Whole Milk - Chobani),,260,gram,258,14,92,11,0,0,23,260,352,0,0,$ 2.11,Dairy
8/8/2025,22:30,Blueberries (fresh),,65,gram,42,0,1,10,2,0,0,4,50,0,0,$ 0.89,Plants
8/8/2025,22:30,Honey,,15,gram,55,0,0,14,0,0,0,0,0,0,0,$ 0.36,Sweets
8/9/2025,07:40,Greek Yogurt (0% Fat - Trader Joe's),,200,gram,113,0,88,8,0,0,20,224,282,0,0,$ 0.00,Dairy
8/9/2025,07:40,"Granola (Chocolate Coffee, Trader Joe's)",,50,gram,224,7,69,36,4,13,4,17,207,0,0,$ 0.59,Carbs
8/9/2025,09:00,"Banana (medium, around 150g with skin)",,1,pc,95,0,1,22,3,0,1,6,350,0,0,$ 0.00,Plants
8/9/2025,11:00,"Milk (2%, Clover Sonoma)",,480,ml,274,10,280,26,0,0,20,700,920,0,0,$ 0.89,Bulk ingredients
8/9/2025,11:00,"Protein Powder, Grass Fed (Levels)",,0.5,Scoop,65,1,63,2,0,0,12,50,80,0,0,$ 0.00,Bulk ingredients
8/9/2025,11:00,Oats,,75,gram,282,5,0,51,8,0,9,0,263,0,3,$ 0.33,Bulk ingredients
8/9/2025,11:00,"Fruits, Frozen (Average, Trader Joe's)",,100,gram,51,0,0,13,2,0,0,14,150,0,0,$ 0.88,Plants
8/9/2025,11:00,Husks (Whole Psyllium),,1,tbsp,16,0,5,4,4,0,0,0,49,0,0,$ 0.00,Fibers
8/9/2025,12:45,Olive oil,,1,tbsp,126,14,0,0,0,0,0,0,0,0,0,$ 0.20,Oils and butters
8/9/2025,12:45,Broccoli (dry),,150,gram,61,0,0,10,4,0,4,71,420,0,1,$ 1.45,Plants
8/9/2025,12:45,Egg (L) whole,,3,egg (L),209,14,189,2,0,0,19,72,219,0,2,$ 1.87,Proteins
8/9/2025,12:45,"Rice, Brown Jasmine (Dry - Trader Joe's)",,100,gram,368,3,0,76,4,0,9,0,222,0,2,$ 0.29,Carbs
8/9/2025,12:45,Sriracha (Trader Joe's),,2,tsp,8,0,150,2,0,2,0,0,20,0,0,$ 0.00,Condiments
8/9/2025,12:45,"Seasoning, Salt for Life (Nature's Alternative Salt)",,0.125,tsp,0,0,70,0,0,0,0,0,235,0,0,$ 0.00,Condiments
8/9/2025,12:45,"Seasoning, Umami Multi-Purpose (Trader Joe's)",,0.125,tsp,0,0,70,0,0,0,0,0,0,0,0,$ 0.00,Condiments
8/9/2025,15:00,"Milk (2%, Clover Sonoma)",,240,ml,137,5,140,13,0,0,10,350,460,0,0,$ 0.44,Bulk ingredients
8/9/2025,16:00,"Apple (small, around 150g in total)",,1,pc,84,0,2,21,4,0,0,10,195,0,0,$ 1.32,Plants
8/9/2025,16:00,Olive oil,,2,tbsp,252,28,0,0,0,0,0,0,0,0,0,$ 0.40,Oils and butters
8/9/2025,16:00,"Pasta, Casarecce (Durum Wheat Semolina - Whole Foods) - Dry",,110,gram,395,2,0,83,4,0,12,0,236,0,0,$ 0.00,Carbs
8/9/2025,16:00,Avocado,,100,gram,177,15,5,9,7,0,2,0,485,0,1,$ 0.00,Plants
8/9/2025,16:00,Lime Juice,,50,gram,16,0,0,4,0,0,0,0,0,0,0,$ 0.00,Condiments
8/9/2025,16:00,Greek Yogurt (0% Fat - Trader Joe's),,40,gram,23,0,18,2,0,0,4,45,56,0,0,$ 0.00,Dairy
8/9/2025,16:00,"Seasoning, Salt for Life (Nature's Alternative Salt)",,0.25,tsp,0,0,140,0,0,0,0,0,470,0,0,$ 0.00,Condiments
8/9/2025,17:30,Protein Bar (Think! Any Flavor),Shared with Alejandro (was 1 bar),0.8,bar,206,7,184,19,0,0,16,72,88,0,0,$ 0.00,Processed Foods
8/9/2025,17:30,"Cashews, Whole (Salted, 50% Less Sodium, Trader Joe's)",Shared with Alejandro (was 35g),25,gram,152,12,46,8,0,0,4,8,158,0,2,$ 0.47,"Nuts, seeds, legumes"
8/9/2025,19:15,Direct Entry - Fat (g),Super Duper Burger with Cheddar + Fries,40,gram,360,40,0,0,0,0,0,0,0,0,0,$ 0.00,Processed Foods
8/9/2025,19:15,Direct Entry - Carbohydrate (g),Super Duper Burger with Cheddar + Fries,80,gram,320,0,0,80,0,0,0,0,0,0,0,$ 0.00,Processed Foods
8/9/2025,19:15,Direct Entry - Protein (g),Super Duper Burger with Cheddar + Fries,20,gram,80,0,0,0,0,0,20,0,0,0,0,$ 0.00,Processed Foods
8/9/2025,19:15,Direct Entry - Sodium (mg),Super Duper Burger with Cheddar + Fries,2000,mg,0,0,"2,000",0,0,0,0,0,0,0,0,$ 0.00,Processed Foods
8/9/2025,21:30,Greek Yogurt (Whole Milk - Chobani),,260,gram,258,14,92,11,0,0,23,260,352,0,0,$ 2.11,Dairy
8/9/2025,21:30,Blueberries (fresh),,65,gram,42,0,1,10,2,0,0,4,50,0,0,$ 0.89,Plants
8/9/2025,21:30,Honey,,15,gram,55,0,0,14,0,0,0,0,0,0,0,$ 0.36,Sweets
8/10/2025,10:00,Greek Yogurt (Whole Milk - Chobani),,200,gram,199,11,71,8,0,0,18,200,271,0,0,$ 1.62,Dairy
8/10/2025,10:00,"Granola (Chocolate Coffee, Trader Joe's)",,60,gram,269,8,83,43,5,16,5,21,248,0,0,$ 0.70,Carbs
8/10/2025,11:15,"Cappuccino (Medium, Peet's, 2% Milk)",,1,Medium,141,5,130,15,0,11,9,325,450,126,0,$ 0.00,Dairy
8/10/2025,12:40,Broccoli (dry),,150,gram,61,0,0,10,4,0,4,71,420,0,1,$ 1.45,Plants
8/10/2025,12:40,"Rice, Brown Jasmine (Cooked - Trader Joe's)",,375,gram,365,3,0,75,4,0,9,0,221,0,2,$ 0.29,Carbs
8/10/2025,12:40,Egg (L) whole,,2,egg (L),140,9,126,2,0,0,13,48,146,0,1,$ 1.25,Proteins
8/10/2025,12:40,"Seasoning, Salt for Life (Nature's Alternative Salt)",,0.125,tsp,0,0,70,0,0,0,0,0,235,0,0,$ 0.00,Condiments
8/10/2025,12:40,"Seasoning, Umami Multi-Purpose (Trader Joe's)",,0.25,tsp,0,0,140,0,0,0,0,0,0,0,0,$ 0.00,Condiments
8/10/2025,12:40,Sriracha (Trader Joe's),,1,tsp,4,0,75,1,0,1,0,0,10,0,0,$ 0.00,Condiments
8/10/2025,14:45,"Milk (2%, Clover Sonoma)",,480,ml,274,10,280,26,0,0,20,700,920,0,0,$ 0.89,Bulk ingredients
8/10/2025,14:45,"Protein Powder, Grass Fed (Levels)",,0.5,Scoop,65,1,63,2,0,0,12,50,80,0,0,$ 0.00,Bulk ingredients
8/10/2025,14:45,"Fruits, Frozen (Average, Trader Joe's)",,100,gram,51,0,0,13,2,0,0,14,150,0,0,$ 0.88,Plants
8/10/2025,14:45,Oats,,75,gram,282,5,0,51,8,0,9,0,263,0,3,$ 0.33,Bulk ingredients
8/10/2025,14:45,Husks (Whole Psyllium),,1,tbsp,16,0,5,4,4,0,0,0,49,0,0,$ 0.00,Fibers
8/10/2025,16:30,Protein Bar (Think! Any Flavor),,1,bar,257,9,230,24,0,0,20,90,110,0,0,$ 0.00,Processed Foods
8/10/2025,16:30,"Cashews, Whole (Salted, 50% Less Sodium, Trader Joe's)",,35,gram,212,16,64,11,1,0,6,12,222,0,2,$ 0.65,"Nuts, seeds, legumes"
8/10/2025,16:30,"Apple (small, around 150g in total)",,1.25,pc,105,0,3,26,5,0,0,13,244,0,0,$ 1.65,Plants
8/10/2025,17:30,"Banana (medium, around 150g with skin)",,1,pc,95,0,1,22,3,0,1,6,350,0,0,$ 0.00,Plants
8/10/2025,18:45,"Butter (unsalted, Clover)",,42,gram,297,33,0,0,0,0,0,0,0,0,0,$ 0.00,Oils and butters
8/10/2025,18:45,"Potato, Yellow (Dry)",50% of the total of 600 gram,300,gram,264,0,0,60,5,0,6,21,"1,050",0,1,$ 0.00,Carbs
8/10/2025,18:45,"Flour, Unbleached All Purpose (Trader Joe's)",50% of the total of 130 gram (1.2 cups),65,gram,225,0,0,50,0,0,7,0,65,0,0,$ 0.00,Carbs
8/10/2025,18:45,"Seasoning, Salt for Life (Nature's Alternative Salt)",50% of the total (1/2 tsp),0.25,tsp,0,0,140,0,0,0,0,0,470,0,0,$ 0.00,Condiments
8/10/2025,18:45,Egg (L) whole,50% of the total (1 egg),0.5,egg (L),35,2,32,0,0,0,3,12,37,0,0,$ 0.31,Proteins
8/10/2025,18:45,"Walnuts (Organic, Unroasted & Unsalted, Trader Joe's)",50% of the total (50g),25,gram,173,16,0,4,2,0,4,27,107,0,0,$ 0.00,"Nuts, seeds, legumes"
8/10/2025,18:45,Olive oil,50% of the total,2,tbsp,252,28,0,0,0,0,0,0,0,0,0,$ 0.40,Oils and butters
8/10/2025,18:45,"Cheese, Goat (Creamy, Fresh, Trader Joe's)",50% of the total of 42g,21,gram,56,5,60,0,0,0,4,0,0,0,0,$ 0.00,Dairy
8/10/2025,18:45,Direct Entry - Carbohydrate (g),Grapes in salad,25,gram,100,0,0,25,0,0,0,0,0,0,0,$ 0.00,Processed Foods
8/10/2025,21:00,Direct Entry - Carbohydrate (g),HOT COOKIE (.5 mini and .5 large),100,gram,400,0,0,100,0,0,0,0,0,0,0,$ 0.00,Processed Foods
8/10/2025,21:00,Direct Entry - Fat (g),HOT COOKIE (.5 mini and .5 large),35,gram,315,35,0,0,0,0,0,0,0,0,0,$ 0.00,Processed Foods
8/10/2025,21:40,Greek Yogurt (0% Fat - Trader Joe's),,175,gram,99,0,77,7,0,0,18,196,247,0,0,$ 0.00,Dairy
8/10/2025,21:40,Blueberries (fresh),,65,gram,42,0,1,10,2,0,0,4,50,0,0,$ 0.89,Plants
8/10/2025,21:40,Honey,,15,gram,55,0,0,14,0,0,0,0,0,0,0,$ 0.36,Sweets
8/11/2025,07:30,Greek Yogurt (Whole Milk - Chobani),,200,gram,199,11,71,8,0,0,18,200,271,0,0,$ 1.62,Dairy
8/11/2025,07:30,"Granola (Chocolate Coffee, Trader Joe's)",,50,gram,224,7,69,36,4,13,4,17,207,0,0,$ 0.59,Carbs
8/11/2025,09:15,"Banana (medium, around 150g with skin)",,1,pc,95,0,1,22,3,0,1,6,350,0,0,$ 0.00,Plants
8/11/2025,09:15,"Protein Powder, Grass Fed (Levels)",,0.5,Scoop,65,1,63,2,0,0,12,50,80,0,0,$ 0.00,Bulk ingredients
8/11/2025,09:15,"Milk (2%, Clover Sonoma)",,480,ml,274,10,280,26,0,0,20,700,920,0,0,$ 0.89,Bulk ingredients
8/11/2025,09:15,Oats,,75,gram,282,5,0,51,8,0,9,0,263,0,3,$ 0.33,Bulk ingredients
8/11/2025,09:15,"Fruits, Frozen (Average, Trader Joe's)",,50,gram,26,0,0,6,1,0,0,7,75,0,0,$ 0.44,Plants
8/11/2025,09:15,Husks (Whole Psyllium),,1,tbsp,16,0,5,4,4,0,0,0,49,0,0,$ 0.00,Fibers
8/11/2025,10:00,Nespresso,,1,shot,0,0,0,0,0,0,0,0,0,65,0,$ 0.99,Supplements
8/11/2025,12:15,Olive oil,,1,tbsp,126,14,0,0,0,0,0,0,0,0,0,$ 0.20,Oils and butters
8/11/2025,12:15,"Pasta, Casarecce (Durum Wheat Semolina - Whole Foods) - Dry",,110,gram,395,2,0,83,4,0,12,0,236,0,0,$ 0.00,Carbs
8/11/2025,12:15,"Seasoning, Salt for Life (Nature's Alternative Salt)",,0.125,tsp,0,0,70,0,0,0,0,0,235,0,0,$ 0.00,Condiments
8/11/2025,12:15,"Seasoning, Umami Multi-Purpose (Trader Joe's)",,0.25,tsp,0,0,140,0,0,0,0,0,0,0,0,$ 0.00,Condiments
8/11/2025,12:15,Bell Pepper (Fresh),,120,gram,34,0,0,8,1,0,0,12,240,0,0,$ 0.98,Plants
8/11/2025,12:15,"Beef, Ground (90% Lean, 10% Fat)",,110,gram,186,11,73,0,0,0,22,0,350,0,2,$ 1.70,Proteins
8/11/2025,12:15,Tomato Sauce (Muir Glen),,0.25,can,49,0,35,11,2,0,2,0,280,0,0,$ 0.92,Plants
8/11/2025,14:30,"Greek Yogurt (Drinkable, Pillars)",,1,bottle,112,0,70,8,3,0,20,260,329,0,0,$ 0.00,Dairy
8/11/2025,14:30,"Cashews, Whole (Salted, 50% Less Sodium, Trader Joe's)",,35,gram,212,16,64,11,1,0,6,12,222,0,2,$ 0.65,"Nuts, seeds, legumes"
8/11/2025,14:30,Protein Bar (Think! Any Flavor),,1,bar,257,9,230,24,0,0,20,90,110,0,0,$ 0.00,Processed Foods
8/11/2025,14:30,"Apple (small, around 150g in total)",,1,pc,84,0,2,21,4,0,0,10,195,0,0,$ 1.32,Plants
8/11/2025,15:30,"Milk (2%, Clover Sonoma)",,500,ml,285,10,292,27,0,0,21,729,958,0,0,$ 0.92,Bulk ingredients
8/11/2025,15:30,Oats,,75,gram,282,5,0,51,8,0,9,0,263,0,3,$ 0.33,Bulk ingredients
8/11/2025,15:30,Husks (Whole Psyllium),,1,tbsp,16,0,5,4,4,0,0,0,49,0,0,$ 0.00,Fibers
8/11/2025,18:30,Sweet Potato,,540,gram,507,1,194,113,18,0,11,205,"2,565",0,0,$ 3.56,Carbs
8/11/2025,18:30,Olive oil,,1,tbsp,126,14,0,0,0,0,0,0,0,0,0,$ 0.20,Oils and butters
8/11/2025,18:30,"Ketchup (Organic, Trader Joe's)",,15,gram,18,0,132,4,0,3,0,0,0,0,0,$ 0.00,Condiments
8/11/2025,18:30,"Seasoning, Umami Multi-Purpose (Trader Joe's)",,0.125,tsp,0,0,70,0,0,0,0,0,0,0,0,$ 0.00,Condiments
8/11/2025,18:30,Chicken Cutlet (Pistachio Panko),,175,gram,261,6,206,14,0,0,37,19,597,0,0,$ 0.00,Proteins
8/11/2025,18:30,Broccoli (dry),,100,gram,41,0,0,7,2,0,3,47,280,0,1,$ 0.97,Plants
8/11/2025,21:00,Greek Yogurt (0% Fat - Trader Joe's),,200,gram,113,0,88,8,0,0,20,224,282,0,0,$ 0.00,Dairy
8/11/2025,21:00,Blueberries (fresh),,65,gram,42,0,1,10,2,0,0,4,50,0,0,$ 0.89,Plants
8/11/2025,21:00,Honey,,15,gram,55,0,0,14,0,0,0,0,0,0,0,$ 0.36,Sweets
8/12/2025,08:00,Greek Yogurt (Whole Milk - Chobani),,200,gram,199,11,71,8,0,0,18,200,271,0,0,$ 1.62,Dairy
8/12/2025,08:00,"Granola (Chocolate Coffee, Trader Joe's)",,50,gram,224,7,69,36,4,13,4,17,207,0,0,$ 0.59,Carbs
8/12/2025,09:30,"Banana (medium, around 150g with skin)",,1,pc,95,0,1,22,3,0,1,6,350,0,0,$ 0.00,Plants
8/12/2025,09:30,Nespresso,,,shot,0,0,0,0,0,0,0,0,0,0,0,$ 0.00,Supplements
8/12/2025,11:00,Olive oil,,1,tbsp,126,14,0,0,0,0,0,0,0,0,0,$ 0.20,Oils and butters
8/12/2025,11:00,Green Beans,,80,gram,29,0,5,6,3,0,1,24,120,0,1,$ 0.58,Plants
8/12/2025,11:00,Bell Pepper (Fresh),,100,gram,28,0,0,7,1,0,0,10,200,0,0,$ 0.81,Plants
8/12/2025,11:00,"Rice, Brown Jasmine (Dry - Trader Joe's)",,100,gram,368,3,0,76,4,0,9,0,222,0,2,$ 0.29,Carbs
8/12/2025,11:00,"Seasoning, Umami Multi-Purpose (Trader Joe's)",,0.25,tsp,0,0,140,0,0,0,0,0,0,0,0,$ 0.00,Condiments
8/12/2025,11:00,Sriracha (Trader Joe's),,1,tsp,4,0,75,1,0,1,0,0,10,0,0,$ 0.00,Condiments
8/12/2025,11:00,Egg (L) whole,,2,egg (L),140,9,126,2,0,0,13,48,146,0,1,$ 1.25,Proteins
8/12/2025,13:30,Olive oil,,1,tbsp,126,14,0,0,0,0,0,0,0,0,0,$ 0.20,Oils and butters
8/12/2025,13:30,"Pasta, Casarecce (Durum Wheat Semolina - Whole Foods) - Dry",,125,gram,449,2,0,94,4,0,13,0,268,0,0,$ 0.00,Carbs
8/12/2025,13:30,"Beef, Ground (90% Lean, 10% Fat)",452g for 5 servings,90.4,gram,153,9,60,0,0,0,18,0,288,0,2,$ 1.40,Proteins
8/12/2025,13:30,"Seasoning, Salt for Life (Nature's Alternative Salt)",.25 for 5 servings,0.05,tsp,0,0,28,0,0,0,0,0,94,0,0,$ 0.00,Condiments
8/12/2025,13:30,Tomato Sauce (Muir Glen),1 full can for 5 servings,0.2,can,39,0,28,8,1,0,1,0,224,0,0,$ 0.74,Plants
8/12/2025,13:30,"Tomato Paste (Organic, Trader Joe's)",.75 can for 5 servings,0.15,can,23,0,19,5,2,3,0,0,44,0,0,$ 0.15,Condiments
8/12/2025,13:30,"Seasoning, Umami Multi-Purpose (Trader Joe's)",Full .25 tsp in pan with broccoli,0.25,tsp,0,0,140,0,0,0,0,0,0,0,0,$ 0.00,Condiments
8/12/2025,13:30,Broccoli (dry),,100,gram,41,0,0,7,2,0,3,47,280,0,1,$ 0.97,Plants
8/12/2025,16:15,"Milk (2%, Clover Sonoma)",,450,ml,257,9,263,24,0,0,19,656,863,0,0,$ 0.83,Bulk ingredients
8/12/2025,16:15,"Fruits, Frozen (Average, Trader Joe's)",,50,gram,26,0,0,6,1,0,0,7,75,0,0,$ 0.44,Plants
8/12/2025,16:15,Oats,,100,gram,376,6,0,68,10,0,13,0,350,0,4,$ 0.44,Bulk ingredients
8/12/2025,16:15,JOI - Cashew Milk Concentrate,,35,gram,208,15,4,11,0,0,7,0,0,0,2,$ 0.00,Bulk ingredients
8/12/2025,16:15,Husks (Whole Psyllium),,1,tbsp,16,0,5,4,4,0,0,0,49,0,0,$ 0.00,Fibers
8/12/2025,17:30,"Cashews, Whole (Salted, 50% Less Sodium, Trader Joe's)",,35,gram,212,16,64,11,1,0,6,12,222,0,2,$ 0.65,"Nuts, seeds, legumes"
8/12/2025,17:30,"Apple (small, around 150g in total)",,1,pc,84,0,2,21,4,0,0,10,195,0,0,$ 1.32,Plants
8/12/2025,19:00,"Salmon, Atlantic (Skin On - Trader Joe's)",Package of .77lb (=350g),175,gram,352,23,101,0,0,0,36,15,635,0,0,$ 0.00,Proteins
8/12/2025,19:00,"Potatoes, Yellow Fingerling (Southwind Farms)",Bag of 454g total,227,gram,175,0,38,40,4,0,4,15,614,0,0,$ 0.00,Carbs
8/12/2025,19:00,Olive oil,,2,tbsp,252,28,0,0,0,0,0,0,0,0,0,$ 0.40,Oils and butters
8/12/2025,19:00,"Pistachio Nutmeats (Unroasted & Unsalted, Trader Joe's)",40g total,20,gram,121,9,0,5,2,0,4,20,207,0,1,$ 0.00,"Nuts, seeds, legumes"
8/12/2025,19:00,Panko Breadcrumbs,30g total,15,gram,56,0,25,12,1,1,2,0,0,0,0,$ 0.00,Condiments
8/12/2025,19:00,"Ketchup (Organic, Trader Joe's)",,15,gram,0,,,,,,,,,,0,$ 0.00,Condiments
8/12/2025,19:00,"Brussels sprouts (steamed, no oil)",,100,gram,53,0,25,9,4,0,3,42,389,0,1,$ 0.00,Plants
8/12/2025,19:00,"Seasoning, Salt for Life (Nature's Alternative Salt)",,0.25,tsp,0,0,140,0,0,0,0,0,470,0,0,$ 0.00,Condiments
8/12/2025,19:00,"Seasoning, Umami Multi-Purpose (Trader Joe's)",,0.25,tsp,0,0,140,0,0,0,0,0,0,0,0,$ 0.00,Condiments
8/12/2025,21:00,Greek Yogurt (Whole Milk - Chobani),,250,gram,249,13,88,10,0,0,22,250,338,0,0,$ 2.03,Dairy
8/12/2025,21:00,Blueberries (fresh),,65,gram,42,0,1,10,2,0,0,4,50,0,0,$ 0.89,Plants
8/12/2025,21:00,Honey,,15,gram,55,0,0,14,0,0,0,0,0,0,0,$ 0.36,Sweets
8/13/2025,08:00,Greek Yogurt (Whole Milk - Chobani),,200,gram,199,11,71,8,0,0,18,200,271,0,0,$ 1.62,Dairy
8/13/2025,08:00,"Granola (Chocolate Coffee, Trader Joe's)",,50,gram,224,7,69,36,4,13,4,17,207,0,0,$ 0.59,Carbs
8/13/2025,09:30,"Banana (medium, around 150g with skin)",,1,pc,95,0,1,22,3,0,1,6,350,0,0,$ 0.00,Plants
8/13/2025,09:30,Nespresso,,,shot,0,0,0,0,0,0,0,0,0,0,0,$ 0.00,Supplements
8/13/2025,11:45,Olive oil,,1,tbsp,126,14,0,0,0,0,0,0,0,0,0,$ 0.20,Oils and butters
8/13/2025,11:45,Green Beans,,80,gram,29,0,5,6,3,0,1,24,120,0,1,$ 0.58,Plants
8/13/2025,11:45,Bell Pepper (Fresh),,100,gram,28,0,0,7,1,0,0,10,200,0,0,$ 0.81,Plants
8/13/2025,11:45,"Rice, Brown Jasmine (Dry - Trader Joe's)",,100,gram,368,3,0,76,4,0,9,0,222,0,2,$ 0.29,Carbs
8/13/2025,11:45,"Seasoning, Umami Multi-Purpose (Trader Joe's)",,0.25,tsp,0,0,140,0,0,0,0,0,0,0,0,$ 0.00,Condiments
8/13/2025,11:45,Sriracha (Trader Joe's),,1,tsp,4,0,75,1,0,1,0,0,10,0,0,$ 0.00,Condiments
8/13/2025,11:45,Egg (L) whole,,2,egg (L),140,9,126,2,0,0,13,48,146,0,1,$ 1.25,Proteins
8/13/2025,11:45,Avocado,,68,gram,120,10,3,6,5,0,1,0,330,0,1,$ 0.00,Plants
8/13/2025,14:40,Olive oil,To stir-fry the broccoli,1,tbsp,126,14,0,0,0,0,0,0,0,0,0,$ 0.20,Oils and butters
8/13/2025,14:40,"Pasta, Casarecce (Durum Wheat Semolina - Whole Foods) - Dry",,125,gram,449,2,0,94,4,0,13,0,268,0,0,$ 0.00,Carbs
8/13/2025,14:40,"Beef, Ground (90% Lean, 10% Fat)",452g for 5 servings,90.4,gram,153,9,60,0,0,0,18,0,288,0,2,$ 1.40,Proteins
8/13/2025,14:40,"Seasoning, Salt for Life (Nature's Alternative Salt)",.25 for 5 servings sauce,0.05,tsp,0,0,28,0,0,0,0,0,94,0,0,$ 0.00,Condiments
8/13/2025,14:40,"Seasoning, Salt for Life (Nature's Alternative Salt)",.25 in pasta water,0.25,tsp,0,0,140,0,0,0,0,0,470,0,0,$ 0.00,Condiments
8/13/2025,14:40,Tomato Sauce (Muir Glen),1 full can for 5 servings,0.2,can,39,0,28,8,1,0,1,0,224,0,0,$ 0.74,Plants
8/13/2025,14:40,"Tomato Paste (Organic, Trader Joe's)",.75 can for 5 servings,0.15,can,23,0,19,5,2,3,0,0,44,0,0,$ 0.15,Condiments
8/13/2025,14:40,"Seasoning, Umami Multi-Purpose (Trader Joe's)",Full .25 tsp in pan with broccoli,0.25,tsp,0,0,140,0,0,0,0,0,0,0,0,$ 0.00,Condiments
8/13/2025,14:40,Broccoli (dry),,80,gram,33,0,0,5,2,0,2,38,224,0,1,$ 0.77,Plants
8/13/2025,17:15,"Milk (2%, Clover Sonoma)",,450,ml,257,9,263,24,0,0,19,656,863,0,0,$ 0.83,Bulk ingredients
8/13/2025,17:15,"Fruits, Frozen (Average, Trader Joe's)",,50,gram,26,0,0,6,1,0,0,7,75,0,0,$ 0.44,Plants
8/13/2025,17:15,Oats,,100,gram,376,6,0,68,10,0,13,0,350,0,4,$ 0.44,Bulk ingredients
8/13/2025,17:15,JOI - Cashew Milk Concentrate,,35,gram,208,15,4,11,0,0,7,0,0,0,2,$ 0.00,Bulk ingredients
8/13/2025,17:15,Husks (Whole Psyllium),,1,tbsp,16,0,5,4,4,0,0,0,49,0,0,$ 0.00,Fibers
8/13/2025,17:15,"Cashews, Whole (Salted, 50% Less Sodium, Trader Joe's)",,35,gram,212,16,64,11,1,0,6,12,222,0,2,$ 0.65,"Nuts, seeds, legumes"
8/13/2025,17:15,"Apple (small, around 150g in total)",,1,pc,84,0,2,21,4,0,0,10,195,0,0,$ 1.32,Plants
8/13/2025,19:15,Sweet Potato,,400,gram,375,1,144,84,13,0,8,152,"1,900",0,0,$ 2.63,Carbs
8/13/2025,19:15,Olive oil,"For with the potato, 2 in total in the mixing bowl",1,tbsp,126,14,0,0,0,0,0,0,0,0,0,$ 0.20,Oils and butters
8/13/2025,19:15,Olive oil,For the salad,0.5,tbsp,63,7,0,0,0,0,0,0,0,0,0,$ 0.10,Oils and butters
8/13/2025,19:15,Chicken Cutlet (Pistachio Panko),,80,gram,120,3,94,7,0,0,17,8,273,0,0,$ 0.00,Proteins
8/13/2025,19:15,Avocado,,45,gram,80,7,2,4,3,0,1,0,218,0,0,$ 0.00,Plants
8/13/2025,19:15,"Cheese, Feta Crumbled (Trader Joe's)",,10,gram,24,1,121,1,0,0,2,36,0,0,0,$ 0.00,Dairy
8/13/2025,19:15,"Seasoning, Salt for Life (Nature's Alternative Salt)",,0.25,tsp,0,0,140,0,0,0,0,0,470,0,0,$ 0.00,Condiments
8/13/2025,21:00,Greek Yogurt (Whole Milk - Chobani),,250,gram,249,13,88,10,0,0,22,250,338,0,0,$ 2.03,Dairy
8/13/2025,21:00,Blueberries (fresh),,65,gram,42,0,1,10,2,0,0,4,50,0,0,$ 0.89,Plants
8/13/2025,21:00,Honey,,15,gram,55,0,0,14,0,0,0,0,0,0,0,$ 0.36,Sweets
8/14/2025,08:00,Greek Yogurt (Whole Milk - Chobani),,200,gram,199,11,71,8,0,0,18,200,271,0,0,$ 1.62,Dairy
8/14/2025,08:00,"Granola (Chocolate Coffee, Trader Joe's)",,50,gram,224,7,69,36,4,13,4,17,207,0,0,$ 0.59,Carbs
8/14/2025,08:15,Nespresso,,1,shot,0,0,0,0,0,0,0,0,0,65,0,$ 0.99,Supplements
8/14/2025,10:00,"Banana (medium, around 150g with skin)",Large,1,pc,95,0,1,22,3,0,1,6,350,0,0,$ 0.00,Plants
8/14/2025,10:45,Olive oil,,1,tbsp,126,14,0,0,0,0,0,0,0,0,0,$ 0.20,Oils and butters
8/14/2025,10:45,Green Beans,,80,gram,29,0,5,6,3,0,1,24,120,0,1,$ 0.58,Plants
8/14/2025,10:45,Bell Pepper (Fresh),,100,gram,28,0,0,7,1,0,0,10,200,0,0,$ 0.81,Plants
8/14/2025,10:45,"Rice, Brown Jasmine (Dry - Trader Joe's)",,100,gram,368,3,0,76,4,0,9,0,222,0,2,$ 0.29,Carbs
8/14/2025,10:45,"Seasoning, Umami Multi-Purpose (Trader Joe's)",,0.25,tsp,0,0,140,0,0,0,0,0,0,0,0,$ 0.00,Condiments
8/14/2025,10:45,Sriracha (Trader Joe's),,1,tsp,4,0,75,1,0,1,0,0,10,0,0,$ 0.00,Condiments
8/14/2025,10:45,Egg (L) whole,,2,egg (L),140,9,126,2,0,0,13,48,146,0,1,$ 1.25,Proteins
8/14/2025,10:45,"Mango Chutney (Sri Lankan Organic, Trader Joe's)",,1,tbsp,56,0,125,14,0,7,0,0,0,0,0,$ 0.00,Condiments
8/14/2025,11:30,"Cappuccino (Medium, Peet's, 2% Milk)",,1,Medium,141,5,130,15,0,11,9,325,450,126,0,$ 0.00,Dairy
8/14/2025,13:45,"Milk (2%, Clover Sonoma)",,450,ml,257,9,263,24,0,0,19,656,863,0,0,$ 0.83,Bulk ingredients
8/14/2025,13:45,"Fruits, Frozen (Average, Trader Joe's)",,100,gram,51,0,0,13,2,0,0,14,150,0,0,$ 0.88,Plants
8/14/2025,13:45,Oats,,100,gram,376,6,0,68,10,0,13,0,350,0,4,$ 0.44,Bulk ingredients
8/14/2025,13:45,Husks (Whole Psyllium),,1,tbsp,16,0,5,4,4,0,0,0,49,0,0,$ 0.00,Fibers
8/14/2025,15:45,Olive oil,To stir-fry the broccoli,1,tbsp,126,14,0,0,0,0,0,0,0,0,0,$ 0.20,Oils and butters
8/14/2025,15:45,"Pasta, Fusilli, Whole Wheat (De Cecco)",,125,gram,460,4,0,87,9,2,18,60,375,0,0,$ 0.83,Carbs
8/14/2025,15:45,"Beef, Ground (90% Lean, 10% Fat)",452g for 5 servings,90.4,gram,153,9,60,0,0,0,18,0,288,0,2,$ 1.40,Proteins
8/14/2025,15:45,"Seasoning, Salt for Life (Nature's Alternative Salt)",.25 for 5 servings sauce,0.05,tsp,0,0,28,0,0,0,0,0,94,0,0,$ 0.00,Condiments
8/14/2025,15:45,"Seasoning, Salt for Life (Nature's Alternative Salt)",.25 in pasta water,0.25,tsp,0,0,140,0,0,0,0,0,470,0,0,$ 0.00,Condiments
8/14/2025,15:45,Tomato Sauce (Muir Glen),1 full can for 5 servings,0.2,can,39,0,28,8,1,0,1,0,224,0,0,$ 0.74,Plants
8/14/2025,15:45,"Tomato Paste (Organic, Trader Joe's)",.75 can for 5 servings,0.15,can,23,0,19,5,2,3,0,0,44,0,0,$ 0.15,Condiments
8/14/2025,15:45,"Seasoning, Umami Multi-Purpose (Trader Joe's)",Full .25 tsp in pan with broccoli,0.25,tsp,0,0,140,0,0,0,0,0,0,0,0,$ 0.00,Condiments
8/14/2025,15:45,Broccoli (dry),,100,gram,41,0,0,7,2,0,3,47,280,0,1,$ 0.97,Plants
8/14/2025,17:45,"Cashews, Whole (Salted, 50% Less Sodium, Trader Joe's)",,35,gram,212,16,64,11,1,0,6,12,222,0,2,$ 0.65,"Nuts, seeds, legumes"
8/14/2025,17:45,"Apple (small, around 150g in total)",,1,pc,84,0,2,21,4,0,0,10,195,0,0,$ 1.32,Plants
8/14/2025,19:00,"Potatoes, Mashed (Whole Foods Hot Bar - Estimation)",,500,gram,465,1,750,105,10,0,10,60,"2,300",0,0,$ 0.00,Carbs
8/14/2025,19:00,"Beef, Ground (90% Lean, 10% Fat)",,100,gram,169,10,66,0,0,0,20,0,319,0,2,$ 1.55,Proteins
8/14/2025,19:00,Direct Entry - Fat (g),Sauce and oils,20,gram,180,20,0,0,0,0,0,0,0,0,0,$ 0.00,Processed Foods
8/14/2025,23:55,Greek Yogurt (Whole Milk - Chobani),,200,gram,199,11,71,8,0,0,18,200,271,0,0,$ 1.62,Dairy
8/14/2025,23:55,Blueberries (fresh),,65,gram,42,0,1,10,2,0,0,4,50,0,0,$ 0.89,Plants
8/14/2025,23:55,Honey,,15,gram,55,0,0,14,0,0,0,0,0,0,0,$ 0.36,Sweets
8/15/2025,09:00,"Banana (medium, around 150g with skin)",Large,1,pc,95,0,1,22,3,0,1,6,350,0,0,$ 0.00,Plants
8/15/2025,09:00,Greek Yogurt (Whole Milk - Chobani),,200,gram,199,11,71,8,0,0,18,200,271,0,0,$ 1.62,Dairy
8/15/2025,09:00,"Granola (Chocolate Coffee, Trader Joe's)",,50,gram,224,7,69,36,4,13,4,17,207,0,0,$ 0.59,Carbs
8/15/2025,09:00,Nespresso,,1,shot,0,0,0,0,0,0,0,0,0,65,0,$ 0.99,Supplements
8/15/2025,11:00,Olive oil,,1,tbsp,126,14,0,0,0,0,0,0,0,0,0,$ 0.20,Oils and butters
8/15/2025,11:00,Broccoli (dry),,100,gram,41,0,0,7,2,0,3,47,280,0,1,$ 0.97,Plants
8/15/2025,11:00,"Rice, Brown Jasmine (Dry - Trader Joe's)",,100,gram,368,3,0,76,4,0,9,0,222,0,2,$ 0.29,Carbs
8/15/2025,11:00,"Seasoning, Salt for Life (Nature's Alternative Salt)",,0.125,tsp,0,0,70,0,0,0,0,0,235,0,0,$ 0.00,Condiments
8/15/2025,11:00,"Seasoning, Umami Multi-Purpose (Trader Joe's)",,0.25,tsp,0,0,140,0,0,0,0,0,0,0,0,$ 0.00,Condiments
8/15/2025,11:00,Sriracha (Trader Joe's),,2,tsp,8,0,150,2,0,2,0,0,20,0,0,$ 0.00,Condiments
8/15/2025,11:00,Egg (L) whole,,3,egg (L),209,14,189,2,0,0,19,72,219,0,2,$ 1.87,Proteins
8/15/2025,13:30,Oats,,100,gram,376,6,0,68,10,0,13,0,350,0,4,$ 0.44,Bulk ingredients
8/15/2025,13:30,"Milk (2%, Clover Sonoma)",,480,ml,274,10,280,26,0,0,20,700,920,0,0,$ 0.89,Bulk ingredients
8/15/2025,13:30,"Fruits, Frozen (Average, Trader Joe's)",,50,gram,26,0,0,6,1,0,0,7,75,0,0,$ 0.44,Plants
8/15/2025,16:00,Olive oil,To stir-fry the vegetables,1,tbsp,126,14,0,0,0,0,0,0,0,0,0,$ 0.20,Oils and butters
8/15/2025,16:00,"Pasta, Fusilli, Whole Wheat (De Cecco)",,125,gram,460,4,0,87,9,2,18,60,375,0,0,$ 0.83,Carbs
8/15/2025,16:00,"Beef, Ground (90% Lean, 10% Fat)",452g for 5 servings,90.4,gram,153,9,60,0,0,0,18,0,288,0,2,$ 1.40,Proteins
8/15/2025,16:00,"Seasoning, Salt for Life (Nature's Alternative Salt)",.25 for 5 servings sauce,0.05,tsp,0,0,28,0,0,0,0,0,94,0,0,$ 0.00,Condiments
8/15/2025,16:00,"Seasoning, Salt for Life (Nature's Alternative Salt)",.25 in pasta water,0.25,tsp,0,0,140,0,0,0,0,0,470,0,0,$ 0.00,Condiments
8/15/2025,16:00,Tomato Sauce (Muir Glen),1 full can for 5 servings,0.2,can,39,0,28,8,1,0,1,0,224,0,0,$ 0.74,Plants
8/15/2025,16:00,"Tomato Paste (Organic, Trader Joe's)",.75 can for 5 servings,0.15,can,23,0,19,5,2,3,0,0,44,0,0,$ 0.15,Condiments
8/15/2025,16:00,"Seasoning, Umami Multi-Purpose (Trader Joe's)",Full .25 tsp in pan with broccoli,0.25,tsp,0,0,140,0,0,0,0,0,0,0,0,$ 0.00,Condiments
8/15/2025,16:00,Green Beans,,100,gram,36,0,6,7,3,0,2,30,150,0,1,$ 0.72,Plants
8/15/2025,16:00,Bell Pepper (Fresh),,80,gram,22,0,0,6,1,0,0,8,160,0,0,$ 0.65,Plants
8/15/2025,19:15,"Apple (small, around 150g in total)",,1,pc,84,0,2,21,4,0,0,10,195,0,0,$ 1.32,Plants
8/15/2025,19:15,"Cashews, Whole (Salted, 50% Less Sodium, Trader Joe's)",,35,gram,212,16,64,11,1,0,6,12,222,0,2,$ 0.65,"Nuts, seeds, legumes"
8/15/2025,20:30,"Chicken Thigh (Skinless, Boneless)",,100,gram,214,14,174,0,0,0,23,11,254,0,1,$ 2.31,Proteins
8/15/2025,20:30,"Pita Bread (Turlock, Whole Foods)",,2,Pita,369,1,420,78,2,0,12,4,112,0,4,$ 0.00,Carbs
8/15/2025,20:30,Olive oil,,2,tbsp,252,28,0,0,0,0,0,0,0,0,0,$ 0.40,Oils and butters
8/15/2025,20:30,Bell Pepper (Fresh),,100,gram,28,0,0,7,1,0,0,10,200,0,0,$ 0.81,Plants
8/15/2025,20:30,Greek Yogurt (Whole Milk - Chobani),For the garlic sauce,35,gram,35,2,12,1,0,0,3,35,47,0,0,$ 0.28,Dairy
8/15/2025,20:30,"Seasoning, Salt for Life (Nature's Alternative Salt)",,0.5,tsp,0,0,280,0,0,0,0,0,940,0,0,$ 0.00,Condiments
8/15/2025,23:00,Greek Yogurt (Whole Milk - Chobani),,250,gram,249,13,88,10,0,0,22,250,338,0,0,$ 2.03,Dairy
8/15/2025,23:00,Blueberries (fresh),,65,gram,42,0,1,10,2,0,0,4,50,0,0,$ 0.89,Plants
8/15/2025,23:00,Honey,,15,gram,55,0,0,14,0,0,0,0,0,0,0,$ 0.36,Sweets
8/16/2025,07:00,Greek Yogurt (Whole Milk - Chobani),,240,gram,239,13,85,10,0,0,21,240,325,0,0,$ 1.95,Dairy
8/16/2025,07:00,"Granola (Chocolate Coffee, Trader Joe's)",,50,gram,224,7,69,36,4,13,4,17,207,0,0,$ 0.59,Carbs
8/16/2025,09:30,"Banana (medium, around 150g with skin)",,1,pc,95,0,1,22,3,0,1,6,350,0,0,$ 0.00,Plants
8/16/2025,09:30,Nespresso,,1,shot,0,0,0,0,0,0,0,0,0,65,0,$ 0.99,Supplements
8/16/2025,11:15,Olive oil,,1,tbsp,126,14,0,0,0,0,0,0,0,0,0,$ 0.20,Oils and butters
8/16/2025,11:15,Broccoli (dry),,100,gram,41,0,0,7,2,0,3,47,280,0,1,$ 0.97,Plants
8/16/2025,11:15,"Rice, Brown Jasmine (Dry - Trader Joe's)",,100,gram,368,3,0,76,4,0,9,0,222,0,2,$ 0.29,Carbs
8/16/2025,11:15,"Seasoning, Umami Multi-Purpose (Trader Joe's)",,0.25,tsp,0,0,140,0,0,0,0,0,0,0,0,$ 0.00,Condiments
8/16/2025,11:15,Sriracha (Trader Joe's),,2,tsp,8,0,150,2,0,2,0,0,20,0,0,$ 0.00,Condiments
8/16/2025,11:15,Egg (L) whole,,2,egg (L),140,9,126,2,0,0,13,48,146,0,1,$ 1.25,Proteins
8/16/2025,14:00,Oats,,100,gram,376,6,0,68,10,0,13,0,350,0,4,$ 0.44,Bulk ingredients
8/16/2025,14:00,"Milk (2%, Clover Sonoma)",,480,ml,274,10,280,26,0,0,20,700,920,0,0,$ 0.89,Bulk ingredients
8/16/2025,14:00,"Fruits, Frozen (Average, Trader Joe's)",,100,gram,51,0,0,13,2,0,0,14,150,0,0,$ 0.88,Plants
8/16/2025,14:00,Husks (Whole Psyllium),,1,tbsp,16,0,5,4,4,0,0,0,49,0,0,$ 0.00,Fibers
8/16/2025,14:45,"Apple (small, around 150g in total)",,1,pc,84,0,2,21,4,0,0,10,195,0,0,$ 1.32,Plants
8/16/2025,14:45,"Cashews, Whole (Salted, 50% Less Sodium, Trader Joe's)",,35,gram,212,16,64,11,1,0,6,12,222,0,2,$ 0.65,"Nuts, seeds, legumes"
8/16/2025,17:00,Olive oil,To stir-fry the vegetables,1,tbsp,126,14,0,0,0,0,0,0,0,0,0,$ 0.20,Oils and butters
8/16/2025,17:00,"Pasta, Fusilli, Whole Wheat (De Cecco)",,125,gram,460,4,0,87,9,2,18,60,375,0,0,$ 0.83,Carbs
8/16/2025,17:00,"Beef, Ground (90% Lean, 10% Fat)",452g for 5 servings,90.4,gram,153,9,60,0,0,0,18,0,288,0,2,$ 1.40,Proteins
8/16/2025,17:00,"Seasoning, Salt for Life (Nature's Alternative Salt)",.25 for 5 servings sauce,0.05,tsp,0,0,28,0,0,0,0,0,94,0,0,$ 0.00,Condiments
8/16/2025,17:00,"Seasoning, Salt for Life (Nature's Alternative Salt)",.25 in pasta water,0.25,tsp,0,0,140,0,0,0,0,0,470,0,0,$ 0.00,Condiments
8/16/2025,17:00,Tomato Sauce (Muir Glen),1 full can for 5 servings,0.2,can,39,0,28,8,1,0,1,0,224,0,0,$ 0.74,Plants
8/16/2025,17:00,"Tomato Paste (Organic, Trader Joe's)",.75 can for 5 servings,0.15,can,23,0,19,5,2,3,0,0,44,0,0,$ 0.15,Condiments
8/16/2025,17:00,"Seasoning, Umami Multi-Purpose (Trader Joe's)",Full .25 tsp in pan with broccoli,0.25,tsp,0,0,140,0,0,0,0,0,0,0,0,$ 0.00,Condiments
8/16/2025,17:00,Bell Pepper (Fresh),,90,gram,25,0,0,6,1,0,0,9,180,0,0,$ 0.73,Plants
8/16/2025,19:00,"Chicken Thigh (Skinless, Boneless)",,100,gram,214,14,174,0,0,0,23,11,254,0,1,$ 2.31,Proteins
8/16/2025,19:00,"Pita Bread (Turlock, Whole Foods)",,2,Pita,369,1,420,78,2,0,12,4,112,0,4,$ 0.00,Carbs
8/16/2025,19:00,Olive oil,,2,tbsp,252,28,0,0,0,0,0,0,0,0,0,$ 0.40,Oils and butters
8/16/2025,19:00,Bell Pepper (Fresh),,100,gram,28,0,0,7,1,0,0,10,200,0,0,$ 0.81,Plants
8/16/2025,19:00,Greek Yogurt (Whole Milk - Chobani),For the garlic sauce,35,gram,35,2,12,1,0,0,3,35,47,0,0,$ 0.28,Dairy
8/16/2025,19:00,"Seasoning, Salt for Life (Nature's Alternative Salt)",,0.5,tsp,0,0,280,0,0,0,0,0,940,0,0,$ 0.00,Condiments
8/16/2025,23:00,Greek Yogurt (Whole Milk - Chobani),,250,gram,249,13,88,10,0,0,22,250,338,0,0,$ 2.03,Dairy
8/16/2025,23:00,Blueberries (fresh),,65,gram,42,0,1,10,2,0,0,4,50,0,0,$ 0.89,Plants
8/16/2025,23:00,Honey,,15,gram,55,0,0,14,0,0,0,0,0,0,0,$ 0.36,Sweets
8/17/2025,09:30,Greek Yogurt (Whole Milk - Chobani),,200,gram,199,11,71,8,0,0,18,200,271,0,0,$ 1.62,Dairy
8/17/2025,09:30,"Granola (Chocolate Coffee, Trader Joe's)",,50,gram,224,7,69,36,4,13,4,17,207,0,0,$ 0.59,Carbs
8/17/2025,11:45,Broccoli (dry),,100,gram,41,0,0,7,2,0,3,47,280,0,1,$ 0.97,Plants
8/17/2025,11:45,Olive oil,,1.5,tbsp,189,21,0,0,0,0,0,0,0,0,0,$ 0.30,Oils and butters
8/17/2025,11:45,"Seasoning, Umami Multi-Purpose (Trader Joe's)",,0.25,tsp,0,0,140,0,0,0,0,0,0,0,0,$ 0.00,Condiments
8/17/2025,11:45,"Rice, Brown Jasmine (Dry - Trader Joe's)",,100,gram,368,3,0,76,4,0,9,0,222,0,2,$ 0.29,Carbs
8/17/2025,11:45,"Chicken Thigh (Skinless, Boneless)",,100,gram,214,14,174,0,0,0,23,11,254,0,1,$ 2.31,Proteins
8/17/2025,11:45,Sriracha (Trader Joe's),,2,tsp,8,0,150,2,0,2,0,0,20,0,0,$ 0.00,Condiments
8/17/2025,13:45,"Banana (medium, around 150g with skin)",,1,pc,95,0,1,22,3,0,1,6,350,0,0,$ 0.00,Plants
8/17/2025,14:00,Oats,,100,gram,376,6,0,68,10,0,13,0,350,0,4,$ 0.44,Bulk ingredients
8/17/2025,14:00,"Fruits, Frozen (Average, Trader Joe's)",,60,gram,31,0,0,8,1,0,0,9,90,0,0,$ 0.53,Plants
8/17/2025,14:00,"Milk (2%, Clover Sonoma)",,480,ml,274,10,280,26,0,0,20,700,920,0,0,$ 0.89,Bulk ingredients
8/18/2025,08:30,Greek Yogurt (Whole Milk - Chobani),,250,gram,249,13,88,10,0,0,22,250,338,0,0,$ 2.03,Dairy
8/18/2025,08:30,"Granola (Chocolate Coffee, Trader Joe's)",,50,gram,224,7,69,36,4,13,4,17,207,0,0,$ 0.59,Carbs
8/18/2025,09:00,Nespresso,,1,shot,0,0,0,0,0,0,0,0,0,65,0,$ 0.99,Supplements
8/18/2025,10:15,Oats,,100,gram,376,6,0,68,10,0,13,0,350,0,4,$ 0.44,Bulk ingredients
8/18/2025,10:15,"Fruits, Frozen (Average, Trader Joe's)",,75,gram,39,0,0,10,2,0,0,11,113,0,0,$ 0.66,Plants
8/18/2025,10:15,"Milk (2%, Clover Sonoma)",,480,ml,274,10,280,26,0,0,20,700,920,0,0,$ 0.89,Bulk ingredients
8/18/2025,10:15,Husks (Whole Psyllium),,1,tbsp,16,0,5,4,4,0,0,0,49,0,0,$ 0.00,Fibers
8/18/2025,12:45,Olive oil,,1,tbsp,126,14,0,0,0,0,0,0,0,0,0,$ 0.20,Oils and butters
8/18/2025,12:45,Broccoli (dry),,100,gram,41,0,0,7,2,0,3,47,280,0,1,$ 0.97,Plants
8/18/2025,12:45,"Rice, Brown Jasmine (Dry - Trader Joe's)",,100,gram,368,3,0,76,4,0,9,0,222,0,2,$ 0.29,Carbs
8/18/2025,12:45,"Seasoning, Umami Multi-Purpose (Trader Joe's)",,0.25,tsp,0,0,140,0,0,0,0,0,0,0,0,$ 0.00,Condiments
8/18/2025,12:45,Sriracha (Trader Joe's),,2,tsp,8,0,150,2,0,2,0,0,20,0,0,$ 0.00,Condiments
8/18/2025,12:45,Egg (L) whole,,2,egg (L),140,9,126,2,0,0,13,48,146,0,1,$ 1.25,Proteins
8/18/2025,16:00,"Beef, Ground (90% Lean, 10% Fat)",Red Sauce for Pasta,90.4,gram,153,9,60,0,0,0,18,0,288,0,2,$ 1.40,Proteins
8/18/2025,16:00,"Seasoning, Umami Multi-Purpose (Trader Joe's)",Red Sauce for Pasta,0.4,tsp,0,0,224,0,0,0,0,0,0,0,0,$ 0.00,Condiments
8/18/2025,16:00,Tomato Sauce (Muir Glen),Red Sauce for Pasta,0.2,can,39,0,28,8,1,0,1,0,224,0,0,$ 0.74,Plants
8/18/2025,16:00,"Tomato Paste (Organic, Trader Joe's)",Red Sauce for Pasta,0.2,can,30,0,25,7,2,4,1,0,58,0,0,$ 0.20,Condiments
8/18/2025,16:00,"Pasta, Fusilli, Whole Wheat (De Cecco)",,125,gram,460,4,0,87,9,2,18,60,375,0,0,$ 0.83,Carbs
8/18/2025,16:00,"Seasoning, Salt for Life (Nature's Alternative Salt)",Salt for the pasta water,,tsp,0,0,0,0,0,0,0,0,0,0,0,$ 0.00,Condiments
8/18/2025,16:00,Green Beans,,120,gram,43,0,7,8,4,0,2,36,180,0,1,$ 0.87,Plants
8/18/2025,16:00,Bell Pepper (Fresh),,80,gram,22,0,0,6,1,0,0,8,160,0,0,$ 0.65,Plants
8/18/2025,16:00,"Seasoning, Umami Multi-Purpose (Trader Joe's)",Flavoring for vegetables,0.25,tsp,0,0,140,0,0,0,0,0,0,0,0,$ 0.00,Condiments
8/18/2025,16:00,Olive oil,Oil for vegetables,1,tbsp,126,14,0,0,0,0,0,0,0,0,0,$ 0.20,Oils and butters
8/18/2025,17:30,"Apple (small, around 150g in total)",,1.5,pc,126,0,3,32,5,0,0,15,293,0,0,$ 1.98,Plants
8/18/2025,17:30,"Cashews, Whole (Salted, 50% Less Sodium, Trader Joe's)",,35,gram,212,16,64,11,1,0,6,12,222,0,2,$ 0.65,"Nuts, seeds, legumes"
8/18/2025,19:00,Sweet Potato,,400,gram,375,1,144,84,13,0,8,152,"1,900",0,0,$ 2.63,Carbs
8/18/2025,19:00,Olive oil,"1 for potatoes, 1 for chicken, 1 for brussels",3,tbsp,378,42,0,0,0,0,0,0,0,0,0,$ 0.59,Oils and butters
8/18/2025,19:00,Chicken Cutlet (Pistachio Panko),,100,gram,149,4,118,8,0,0,21,11,341,0,0,$ 0.00,Proteins
8/18/2025,19:00,"Brussels sprouts (steamed, no oil)",,100,gram,53,0,25,9,4,0,3,42,389,0,1,$ 0.00,Plants
8/18/2025,19:00,"Seasoning, Umami Multi-Purpose (Trader Joe's)",,0.5,tsp,0,0,280,0,0,0,0,0,0,0,0,$ 0.00,Condiments
8/18/2025,19:00,"Seasoning, Salt for Life (Nature's Alternative Salt)",,0.25,tsp,0,0,140,0,0,0,0,0,470,0,0,$ 0.00,Condiments
8/18/2025,19:00,"Ketchup (Organic, Trader Joe's)",,25,gram,29,0,221,7,0,4,0,0,0,0,0,$ 0.00,Condiments
8/18/2025,21:30,Greek Yogurt (Whole Milk - Chobani),,250,gram,249,13,88,10,0,0,22,250,338,0,0,$ 2.03,Dairy
8/18/2025,21:30,Blueberries (fresh),,65,gram,42,0,1,10,2,0,0,4,50,0,0,$ 0.89,Plants
8/18/2025,21:30,Honey,,15,gram,55,0,0,14,0,0,0,0,0,0,0,$ 0.36,Sweets
8/19/2025,08:15,"Granola (Chocolate Coffee, Trader Joe's)",,50,gram,224,7,69,36,4,13,4,17,207,0,0,$ 0.59,Carbs
8/19/2025,08:15,Greek Yogurt (Whole Milk - Chobani),,250,gram,249,13,88,10,0,0,22,250,338,0,0,$ 2.03,Dairy
8/19/2025,08:45,Nespresso,,1,shot,0,0,0,0,0,0,0,0,0,65,0,$ 0.99,Supplements
8/19/2025,11:00,"Banana (medium, around 150g with skin)",,1,pc,95,0,1,22,3,0,1,6,350,0,0,$ 0.00,Plants
8/19/2025,11:30,Avocado,Added onto the meal,50,gram,89,8,3,4,3,0,1,0,243,0,1,$ 0.00,Plants
8/19/2025,11:30,Egg (L) whole,,2,egg (L),140,9,126,2,0,0,13,48,146,0,1,$ 1.25,Proteins
8/19/2025,11:30,Sriracha (Trader Joe's),,2,tsp,8,0,150,2,0,2,0,0,20,0,0,$ 0.00,Condiments
8/19/2025,11:30,"Seasoning, Umami Multi-Purpose (Trader Joe's)",,0.25,tsp,0,0,140,0,0,0,0,0,0,0,0,$ 0.00,Condiments
8/19/2025,11:30,"Seasoning, Salt for Life (Nature's Alternative Salt)",,0.125,tsp,0,0,70,0,0,0,0,0,235,0,0,$ 0.00,Condiments
8/19/2025,11:30,"Rice, Brown Jasmine (Dry - Trader Joe's)",,100,gram,368,3,0,76,4,0,9,0,222,0,2,$ 0.29,Carbs
8/19/2025,11:30,Broccoli (dry),,100,gram,41,0,0,7,2,0,3,47,280,0,1,$ 0.97,Plants
8/19/2025,11:30,Olive oil,,1,tbsp,126,14,0,0,0,0,0,0,0,0,0,$ 0.20,Oils and butters
8/19/2025,14:45,"Tomato Paste (Organic, Trader Joe's)",Red Sauce for Pasta (5 servings) (Portion: 0.2): No further comments,0.2,can,30,0,25,7,2,4,1,0,58,0,0,$ 0.20,Condiments
8/19/2025,14:45,Tomato Sauce (Muir Glen),Red Sauce for Pasta (5 servings) (Portion: 0.2): No further comments,0.2,can,39,0,28,8,1,0,1,0,224,0,0,$ 0.74,Plants
8/19/2025,14:45,"Seasoning, Umami Multi-Purpose (Trader Joe's)",Red Sauce for Pasta (5 servings) (Portion: 0.2): No further comments,0.4,tsp,0,0,224,0,0,0,0,0,0,0,0,$ 0.00,Condiments
8/19/2025,14:45,"Beef, Ground (90% Lean, 10% Fat)",Red Sauce for Pasta (5 servings) (Portion: 0.2): No further comments,90.4,gram,153,9,60,0,0,0,18,0,288,0,2,$ 1.40,Proteins
8/19/2025,14:45,Bell Pepper (Fresh),,50,gram,14,0,0,4,1,0,0,5,100,0,0,$ 0.41,Plants
8/19/2025,14:45,Green Beans,,50,gram,18,0,3,4,2,0,1,15,75,0,0,$ 0.36,Plants
8/19/2025,14:45,"Seasoning, Salt for Life (Nature's Alternative Salt)",Pasta water salt,0.25,tsp,0,0,140,0,0,0,0,0,470,0,0,$ 0.00,Condiments
8/19/2025,14:45,"Seasoning, Umami Multi-Purpose (Trader Joe's)",Veggie seasoning,0.25,tsp,0,0,140,0,0,0,0,0,0,0,0,$ 0.00,Condiments
8/19/2025,14:45,"Pasta, Fusilli, Whole Wheat (De Cecco)",,125,gram,460,4,0,87,9,2,18,60,375,0,0,$ 0.83,Carbs
8/19/2025,16:00,"Apple (small, around 150g in total)",Apple & Cashews (Portion: 1),1,pc,84,0,2,21,4,0,0,10,195,0,0,$ 1.32,Plants
8/19/2025,16:00,"Cashews, Whole (Salted, 50% Less Sodium, Trader Joe's)",Apple & Cashews (Portion: 1),35,gram,212,16,64,11,1,0,6,12,222,0,2,$ 0.65,"Nuts, seeds, legumes"
8/19/2025,17:00,Husks (Whole Psyllium),Carb Loading Shake (Portion: 1),1,tbsp,16,0,5,4,4,0,0,0,49,0,0,$ 0.00,Fibers
8/19/2025,17:00,"Milk (2%, Clover Sonoma)",Carb Loading Shake (Portion: 1),480,ml,274,10,280,26,0,0,20,700,920,0,0,$ 0.89,Bulk ingredients
8/19/2025,17:00,"Fruits, Frozen (Average, Trader Joe's)",Carb Loading Shake (Portion: 1),75,gram,39,0,0,10,2,0,0,11,113,0,0,$ 0.66,Plants
8/19/2025,17:00,Oats,Carb Loading Shake (Portion: 1),100,gram,376,6,0,68,10,0,13,0,350,0,4,$ 0.44,Bulk ingredients
8/19/2025,18:30,Direct Entry - Fat (g),"Direct Entry Template (1000 cal, 35g fat, 1500mg sodium) (Portion: 1): Dinner with Alejandro & Kristen",50,gram,450,50,0,0,0,0,0,0,0,0,0,$ 0.00,Processed Foods
8/19/2025,18:30,Direct Entry - Carbohydrate (g),"Direct Entry Template (1000 cal, 35g fat, 1500mg sodium) (Portion: 1): Dinner with Alejandro & Kristen",100,gram,400,0,0,100,0,0,0,0,0,0,0,$ 0.00,Processed Foods
8/19/2025,18:30,Direct Entry - Protein (g),"Direct Entry Template (1000 cal, 35g fat, 1500mg sodium) (Portion: 1): Dinner with Alejandro & Kristen",35,gram,140,0,0,0,0,0,35,0,0,0,0,$ 0.00,Processed Foods
8/19/2025,18:30,Direct Entry - Sodium (mg),"Direct Entry Template (1000 cal, 35g fat, 1500mg sodium) (Portion: 1): Dinner with Alejandro & Kristen",2000,mg,0,0,"2,000",0,0,0,0,0,0,0,0,$ 0.00,Processed Foods
8/19/2025,23:00,Greek Yogurt (Whole Milk - Chobani),Evening Yogurt (Portion: 1),250,gram,249,13,88,10,0,0,22,250,338,0,0,$ 2.03,Dairy
8/19/2025,23:00,Blueberries (fresh),Evening Yogurt (Portion: 1),65,gram,42,0,1,10,2,0,0,4,50,0,0,$ 0.89,Plants
8/19/2025,23:00,Honey,Evening Yogurt (Portion: 1),15,gram,55,0,0,14,0,0,0,0,0,0,0,$ 0.36,Sweets
8/20/2025,08:15,Greek Yogurt (Whole Milk - Chobani),Breakfast Bowl (Portion: 1),250,gram,249,13,88,10,0,0,22,250,338,0,0,$ 2.03,Dairy
8/20/2025,08:15,"Granola (Chocolate Coffee, Trader Joe's)",Breakfast Bowl (Portion: 1),50,gram,224,7,69,36,4,13,4,17,207,0,0,$ 0.59,Carbs
8/20/2025,08:45,Nespresso,,1,shot,0,0,0,0,0,0,0,0,0,65,0,$ 0.99,Supplements
8/20/2025,11:00,Nespresso,,1,shot,0,0,0,0,0,0,0,0,0,65,0,$ 0.99,Supplements
8/20/2025,11:00,Husks (Whole Psyllium),Carb Loading Shake (Portion: 1): Before training session,1,tbsp,16,0,5,4,4,0,0,0,49,0,0,$ 0.00,Fibers
8/20/2025,11:00,"Milk (2%, Clover Sonoma)",Carb Loading Shake (Portion: 1): Before training session,480,ml,274,10,280,26,0,0,20,700,920,0,0,$ 0.89,Bulk ingredients
8/20/2025,11:00,"Fruits, Frozen (Average, Trader Joe's)",Carb Loading Shake (Portion: 1): Before training session,75,gram,39,0,0,10,2,0,0,11,113,0,0,$ 0.66,Plants
8/20/2025,11:00,Oats,Carb Loading Shake (Portion: 1): Before training session,100,gram,376,6,0,68,10,0,13,0,350,0,4,$ 0.44,Bulk ingredients
8/20/2025,13:45,Direct Entry - Sodium (mg),"Direct Entry Template (1000 cal, 35g fat, 1500mg sodium) (Portion: 1.25): Kasa Big Lunch (Thali Platter Vegetarian)",1500,mg,0,0,"1,500",0,0,0,0,0,0,0,0,$ 0.00,Processed Foods
8/20/2025,13:45,Direct Entry - Protein (g),"Direct Entry Template (1000 cal, 35g fat, 1500mg sodium) (Portion: 1.25): Kasa Big Lunch (Thali Platter Vegetarian)",35,gram,140,0,0,0,0,0,35,0,0,0,0,$ 0.00,Processed Foods
8/20/2025,13:45,Direct Entry - Carbohydrate (g),"Direct Entry Template (1000 cal, 35g fat, 1500mg sodium) (Portion: 1.25): Kasa Big Lunch (Thali Platter Vegetarian)",175,gram,700,0,0,175,0,0,0,0,0,0,0,$ 0.00,Processed Foods
8/20/2025,13:45,Direct Entry - Fat (g),"Direct Entry Template (1000 cal, 35g fat, 1500mg sodium) (Portion: 1.25): Kasa Big Lunch (Thali Platter Vegetarian)",50,gram,450,50,0,0,0,0,0,0,0,0,0,$ 0.00,Processed Foods
8/20/2025,16:00,"Cashews, Whole (Salted, 50% Less Sodium, Trader Joe's)",Apple & Cashews (Portion: 1),35,gram,212,16,64,11,1,0,6,12,222,0,2,$ 0.65,"Nuts, seeds, legumes"
8/20/2025,16:00,"Apple (small, around 150g in total)",Apple & Cashews (Portion: 1),1,pc,84,0,2,21,4,0,0,10,195,0,0,$ 1.32,Plants
8/20/2025,17:45,Green Beans,,50,gram,18,0,3,4,2,0,1,15,75,0,0,$ 0.36,Plants
8/20/2025,17:45,Bell Pepper (Fresh),,50,gram,14,0,0,4,1,0,0,5,100,0,0,$ 0.41,Plants
8/20/2025,17:45,Olive oil,,1,tbsp,126,14,0,0,0,0,0,0,0,0,0,$ 0.20,Oils and butters
8/20/2025,17:45,"Pasta, Fusilli, Whole Wheat (De Cecco)",,125,gram,460,4,0,87,9,2,18,60,375,0,0,$ 0.83,Carbs
8/20/2025,17:45,"Tomato Paste (Organic, Trader Joe's)",Red Sauce for Pasta (5 servings) (Portion: 0.2),0.2,can,30,0,25,7,2,4,1,0,58,0,0,$ 0.20,Condiments
8/20/2025,17:45,Tomato Sauce (Muir Glen),Red Sauce for Pasta (5 servings) (Portion: 0.2),0.2,can,39,0,28,8,1,0,1,0,224,0,0,$ 0.74,Plants
8/20/2025,17:45,"Seasoning, Umami Multi-Purpose (Trader Joe's)",Red Sauce for Pasta (5 servings) (Portion: 0.2),0.05,tsp,0,0,28,0,0,0,0,0,0,0,0,$ 0.00,Condiments
8/20/2025,17:45,"Beef, Ground (90% Lean, 10% Fat)",Red Sauce for Pasta (5 servings) (Portion: 0.2),90.4,gram,153,9,60,0,0,0,18,0,288,0,2,$ 1.40,Proteins
8/20/2025,20:15,"Bread, Organic 5 Seed Multigrain (Trader Joe's)",,80,gram,224,7,414,31,4,0,9,29,143,0,0,$ 0.00,Carbs
8/20/2025,20:15,"Cheese, Gouda Double Cream (Trader Joe's)",,30,gram,117,10,214,2,0,0,5,402,0,0,0,$ 0.00,Dairy
8/20/2025,20:15,"Peanut butter with Honey (organic, Justin's)",,20,gram,128,11,56,4,1,3,4,0,56,0,0,$ 0.00,Bulk ingredients
8/20/2025,21:30,Honey,Evening Yogurt (Portion: 1),15,gram,55,0,0,14,0,0,0,0,0,0,0,$ 0.36,Sweets
8/20/2025,21:30,Blueberries (fresh),Evening Yogurt (Portion: 1),65,gram,42,0,1,10,2,0,0,4,50,0,0,$ 0.89,Plants
8/20/2025,21:30,Greek Yogurt (Whole Milk - Chobani),Evening Yogurt (Portion: 1),250,gram,249,13,88,10,0,0,22,250,338,0,0,$ 2.03,Dairy
8/21/2025,08:15,Greek Yogurt (Whole Milk - Chobani),Breakfast Bowl (Portion: 1),250,gram,249,13,88,10,0,0,22,250,338,0,0,$ 2.03,Dairy
8/21/2025,08:15,"Granola (Chocolate Coffee, Trader Joe's)",Breakfast Bowl (Portion: 1),50,gram,224,7,69,36,4,13,4,17,207,0,0,$ 0.59,Carbs
8/21/2025,10:15,"Cappuccino (Medium, Peet's, 2% Milk)",,1,Medium,141,5,130,15,0,11,9,325,450,126,0,$ 0.00,Dairy
8/21/2025,12:15,Sriracha (Trader Joe's),Nasi Goreng (Vegetarian Fried Rice) (Portion: 1),2,tsp,8,0,150,2,0,2,0,0,20,0,0,$ 0.00,Condiments
8/21/2025,12:15,"Seasoning, Umami Multi-Purpose (Trader Joe's)",Nasi Goreng (Vegetarian Fried Rice) (Portion: 1),0.25,tsp,0,0,140,0,0,0,0,0,0,0,0,$ 0.00,Condiments
8/21/2025,12:15,"Seasoning, Salt for Life (Nature's Alternative Salt)",Nasi Goreng (Vegetarian Fried Rice) (Portion: 1),0.125,tsp,0,0,70,0,0,0,0,0,235,0,0,$ 0.00,Condiments
8/21/2025,12:15,"Rice, Brown Jasmine (Dry - Trader Joe's)",Nasi Goreng (Vegetarian Fried Rice) (Portion: 1),100,gram,368,3,0,76,4,0,9,0,222,0,2,$ 0.29,Carbs
8/21/2025,12:15,Olive oil,Nasi Goreng (Vegetarian Fried Rice) (Portion: 1),1,tbsp,126,14,0,0,0,0,0,0,0,0,0,$ 0.20,Oils and butters
8/21/2025,12:15,Egg (L) whole,Nasi Goreng (Vegetarian Fried Rice) (Portion: 1),2,egg (L),140,9,126,2,0,0,13,48,146,0,1,$ 1.25,Proteins
8/21/2025,12:15,Broccoli (dry),Nasi Goreng (Vegetarian Fried Rice) (Portion: 1),100,gram,41,0,0,7,2,0,3,47,280,0,1,$ 0.97,Plants
8/21/2025,14:00,"Fruits, Frozen (Average, Trader Joe's)",Carb Loading Shake (Portion: 1),75,gram,39,0,0,10,2,0,0,11,113,0,0,$ 0.66,Plants
8/21/2025,14:00,Oats,Carb Loading Shake (Portion: 1),100,gram,376,6,0,68,10,0,13,0,350,0,4,$ 0.44,Bulk ingredients
8/21/2025,14:00,"Milk (2%, Clover Sonoma)",Carb Loading Shake (Portion: 1),480,ml,274,10,280,26,0,0,20,700,920,0,0,$ 0.89,Bulk ingredients
8/21/2025,14:00,Husks (Whole Psyllium),Carb Loading Shake (Portion: 1),1,tbsp,16,0,5,4,4,0,0,0,49,0,0,$ 0.00,Fibers
8/21/2025,15:30,Tomato Sauce (Muir Glen),Red Sauce for Pasta (5 servings) (Portion: 0.2),0.2,can,39,0,28,8,1,0,1,0,224,0,0,$ 0.74,Plants
8/21/2025,15:30,"Tomato Paste (Organic, Trader Joe's)",Red Sauce for Pasta (5 servings) (Portion: 0.2),0.2,can,30,0,25,7,2,4,1,0,58,0,0,$ 0.20,Condiments
8/21/2025,15:30,"Seasoning, Umami Multi-Purpose (Trader Joe's)",Red Sauce for Pasta (5 servings) (Portion: 0.2),0.05,tsp,0,0,28,0,0,0,0,0,0,0,0,$ 0.00,Condiments
8/21/2025,15:30,"Pasta, Fusilli, Whole Wheat (De Cecco)",,125,gram,460,4,0,87,9,2,18,60,375,0,0,$ 0.83,Carbs
8/21/2025,15:30,Green Beans,,70,gram,25,0,4,5,2,0,1,21,105,0,0,$ 0.51,Plants
8/21/2025,15:30,Bell Pepper (Fresh),,70,gram,20,0,0,5,1,0,0,7,140,0,0,$ 0.57,Plants
8/21/2025,15:30,"Beef, Ground (90% Lean, 10% Fat)",Red Sauce for Pasta (5 servings) (Portion: 0.2),90.4,gram,153,9,60,0,0,0,18,0,288,0,2,$ 1.40,Proteins
8/21/2025,17:00,"Cashews, Whole (Salted, 50% Less Sodium, Trader Joe's)",Apple & Cashews (Portion: 1),35,gram,212,16,64,11,1,0,6,12,222,0,2,$ 0.65,"Nuts, seeds, legumes"
8/21/2025,17:00,"Apple (small, around 150g in total)",Apple & Cashews (Portion: 1),1,pc,84,0,2,21,4,0,0,10,195,0,0,$ 1.32,Plants
8/21/2025,19:30,"Rice, White Jasmine (Dry - Trader Joe's)",Hans made Rice Bowl with Chicken and Veggies (Portion: 1),125,gram,422,0,0,97,1,0,8,0,83,0,0,$ 0.00,Carbs
8/21/2025,19:30,Olive oil,Hans made Rice Bowl with Chicken and Veggies (Portion: 1),3,tbsp,378,42,0,0,0,0,0,0,0,0,0,$ 0.59,Oils and butters
8/21/2025,19:30,Grape Tomato,Hans made Rice Bowl with Chicken and Veggies (Portion: 1),75,gram,16,0,4,3,1,0,1,8,178,0,0,$ 0.00,Plants
8/21/2025,19:30,Cucumber,Hans made Rice Bowl with Chicken and Veggies (Portion: 1),75,gram,19,0,0,4,1,0,1,0,105,0,0,$ 0.00,Plants
8/21/2025,19:30,"Corn, Roasted Frozen (Trader Joe's)",Hans made Rice Bowl with Chicken and Veggies (Portion: 1),100,gram,86,2,0,15,3,0,3,0,210,0,0,$ 0.00,Plants
8/21/2025,19:30,"Chicken Thigh (Skinless, Boneless)",Hans made Rice Bowl with Chicken and Veggies (Portion: 1),125,gram,267,17,218,0,0,0,29,14,318,0,1,$ 2.89,Proteins
8/21/2025,22:00,Honey,Evening Yogurt (Portion: 1),15,gram,55,0,0,14,0,0,0,0,0,0,0,$ 0.36,Sweets
8/21/2025,22:00,Greek Yogurt (Whole Milk - Chobani),Evening Yogurt (Portion: 1),250,gram,249,13,88,10,0,0,22,250,338,0,0,$ 2.03,Dairy
8/21/2025,22:00,Blueberries (fresh),Evening Yogurt (Portion: 1),65,gram,42,0,1,10,2,0,0,4,50,0,0,$ 0.89,Plants
8/22/2025,08:00,Greek Yogurt (Whole Milk - Chobani),Breakfast Bowl (Portion: 1),250,gram,249,13,88,10,0,0,22,250,338,0,0,$ 2.03,Dairy
8/22/2025,08:00,"Granola (Chocolate Coffee, Trader Joe's)",Breakfast Bowl (Portion: 1),50,gram,224,7,69,36,4,13,4,17,207,0,0,$ 0.59,Carbs
8/22/2025,08:15,Nespresso,,1,shot,0,0,0,0,0,0,0,0,0,65,0,$ 0.99,Supplements
8/22/2025,11:30,Sriracha (Trader Joe's),Nasi Goreng (Vegetarian Fried Rice) (Portion: 1),2,tsp,8,0,150,2,0,2,0,0,20,0,0,$ 0.00,Condiments
8/22/2025,11:30,"Seasoning, Umami Multi-Purpose (Trader Joe's)",Nasi Goreng (Vegetarian Fried Rice) (Portion: 1),0.25,tsp,0,0,140,0,0,0,0,0,0,0,0,$ 0.00,Condiments
8/22/2025,11:30,"Seasoning, Salt for Life (Nature's Alternative Salt)",Nasi Goreng (Vegetarian Fried Rice) (Portion: 1),0.125,tsp,0,0,70,0,0,0,0,0,235,0,0,$ 0.00,Condiments
8/22/2025,11:30,"Rice, Brown Jasmine (Dry - Trader Joe's)",Nasi Goreng (Vegetarian Fried Rice) (Portion: 1),100,gram,368,3,0,76,4,0,9,0,222,0,2,$ 0.29,Carbs
8/22/2025,11:30,Olive oil,Nasi Goreng (Vegetarian Fried Rice) (Portion: 1),1,tbsp,126,14,0,0,0,0,0,0,0,0,0,$ 0.20,Oils and butters
8/22/2025,11:30,Egg (L) whole,Nasi Goreng (Vegetarian Fried Rice) (Portion: 1),2,egg (L),140,9,126,2,0,0,13,48,146,0,1,$ 1.25,Proteins
8/22/2025,11:30,Broccoli (dry),Nasi Goreng (Vegetarian Fried Rice) (Portion: 1),100,gram,41,0,0,7,2,0,3,47,280,0,1,$ 0.97,Plants
8/22/2025,14:15,"Fruits, Frozen (Average, Trader Joe's)",Carb Loading Shake (Portion: 1),75,gram,39,0,0,10,2,0,0,11,113,0,0,$ 0.66,Plants
8/22/2025,14:15,Oats,Carb Loading Shake (Portion: 1),100,gram,376,6,0,68,10,0,13,0,350,0,4,$ 0.44,Bulk ingredients
8/22/2025,14:15,"Milk (2%, Clover Sonoma)",Carb Loading Shake (Portion: 1),480,ml,274,10,280,26,0,0,20,700,920,0,0,$ 0.89,Bulk ingredients
8/22/2025,14:15,Husks (Whole Psyllium),Carb Loading Shake (Portion: 1),1,tbsp,16,0,5,4,4,0,0,0,49,0,0,$ 0.00,Fibers
8/22/2025,16:00,Tomato Sauce (Muir Glen),Fusili with Veggies & Red Sauce (1 serving) (Portion: 1),0.2,can,39,0,28,8,1,0,1,0,224,0,0,$ 0.74,Plants
8/22/2025,16:00,"Tomato Paste (Organic, Trader Joe's)",Fusili with Veggies & Red Sauce (1 serving) (Portion: 1),0.2,can,30,0,25,7,2,4,1,0,58,0,0,$ 0.20,Condiments
8/22/2025,16:00,"Seasoning, Umami Multi-Purpose (Trader Joe's)",Fusili with Veggies & Red Sauce (1 serving) (Portion: 1),0.25,tsp,0,0,140,0,0,0,0,0,0,0,0,$ 0.00,Condiments
8/22/2025,16:00,"Seasoning, Umami Multi-Purpose (Trader Joe's)",Fusili with Veggies & Red Sauce (1 serving) (Portion: 1),0.05,tsp,0,0,28,0,0,0,0,0,0,0,0,$ 0.00,Condiments
8/22/2025,16:00,"Seasoning, Salt for Life (Nature's Alternative Salt)",Fusili with Veggies & Red Sauce (1 serving) (Portion: 1),0.25,tsp,0,0,140,0,0,0,0,0,470,0,0,$ 0.00,Condiments
8/22/2025,16:00,"Pasta, Fusilli, Whole Wheat (De Cecco)",Fusili with Veggies & Red Sauce (1 serving) (Portion: 1),125,gram,460,4,0,87,9,2,18,60,375,0,0,$ 0.83,Carbs
8/22/2025,16:00,Olive oil,Fusili with Veggies & Red Sauce (1 serving) (Portion: 1),1,tbsp,126,14,0,0,0,0,0,0,0,0,0,$ 0.20,Oils and butters
8/22/2025,16:00,Green Beans,Fusili with Veggies & Red Sauce (1 serving) (Portion: 1),50,gram,18,0,3,4,2,0,1,15,75,0,0,$ 0.36,Plants
8/22/2025,16:00,Bell Pepper (Fresh),Fusili with Veggies & Red Sauce (1 serving) (Portion: 1),50,gram,14,0,0,4,1,0,0,5,100,0,0,$ 0.41,Plants
8/22/2025,16:00,"Beef, Ground (90% Lean, 10% Fat)",Fusili with Veggies & Red Sauce (1 serving) (Portion: 1),90.4,gram,153,9,60,0,0,0,18,0,288,0,2,$ 1.40,Proteins
8/22/2025,19:30,Direct Entry - Sodium (mg),"Direct Entry Template (1000 cal, 35g fat, 1500mg sodium) (Portion: 1)",2000,mg,0,0,"2,000",0,0,0,0,0,0,0,0,$ 0.00,Processed Foods
8/22/2025,19:30,Direct Entry - Protein (g),"Direct Entry Template (1000 cal, 35g fat, 1500mg sodium) (Portion: 1)",35,gram,140,0,0,0,0,0,35,0,0,0,0,$ 0.00,Processed Foods
8/22/2025,19:30,Direct Entry - Fat (g),"Direct Entry Template (1000 cal, 35g fat, 1500mg sodium) (Portion: 1)",50,gram,450,50,0,0,0,0,0,0,0,0,0,$ 0.00,Processed Foods
8/22/2025,19:30,Direct Entry - Carbohydrate (g),"Direct Entry Template (1000 cal, 35g fat, 1500mg sodium) (Portion: 1)",125,gram,500,0,0,125,0,0,0,0,0,0,0,$ 0.00,Processed Foods
8/22/2025,20:00,"Apple (small, around 150g in total)",,1,pc,84,0,2,21,4,0,0,10,195,0,0,$ 1.32,Plants
8/22/2025,20:15,"Milk (2%, Clover Sonoma)",,240,ml,137,5,140,13,0,0,10,350,460,0,0,$ 0.44,Bulk ingredients
8/22/2025,22:00,Honey,Evening Yogurt (Portion: 1),15,gram,55,0,0,14,0,0,0,0,0,0,0,$ 0.36,Sweets
8/22/2025,22:00,Greek Yogurt (Whole Milk - Chobani),Evening Yogurt (Portion: 1),250,gram,249,13,88,10,0,0,22,250,338,0,0,$ 2.03,Dairy
8/22/2025,22:00,Blueberries (fresh),Evening Yogurt (Portion: 1),65,gram,42,0,1,10,2,0,0,4,50,0,0,$ 0.89,Plants
8/23/2025,07:30,Greek Yogurt (Whole Milk - Chobani),Breakfast Bowl (Portion: 1),250,gram,249,13,88,10,0,0,22,250,338,0,0,$ 2.03,Dairy
8/23/2025,07:30,"Granola (Chocolate Coffee, Trader Joe's)",Breakfast Bowl (Portion: 1),50,gram,224,7,69,36,4,13,4,17,207,0,0,$ 0.59,Carbs
8/23/2025,09:30,Sriracha (Trader Joe's),Nasi Goreng (Vegetarian Fried Rice) (Portion: 1),2,tsp,8,0,150,2,0,2,0,0,20,0,0,$ 0.00,Condiments
8/23/2025,09:30,"Seasoning, Umami Multi-Purpose (Trader Joe's)",Nasi Goreng (Vegetarian Fried Rice) (Portion: 1),0.25,tsp,0,0,140,0,0,0,0,0,0,0,0,$ 0.00,Condiments
8/23/2025,09:30,"Seasoning, Salt for Life (Nature's Alternative Salt)",Nasi Goreng (Vegetarian Fried Rice) (Portion: 1),0.125,tsp,0,0,70,0,0,0,0,0,235,0,0,$ 0.00,Condiments
8/23/2025,09:30,"Rice, Brown Jasmine (Dry - Trader Joe's)",Nasi Goreng (Vegetarian Fried Rice) (Portion: 1),100,gram,368,3,0,76,4,0,9,0,222,0,2,$ 0.29,Carbs
8/23/2025,09:30,Olive oil,Nasi Goreng (Vegetarian Fried Rice) (Portion: 1),1,tbsp,126,14,0,0,0,0,0,0,0,0,0,$ 0.20,Oils and butters
8/23/2025,09:30,Egg (L) whole,Nasi Goreng (Vegetarian Fried Rice) (Portion: 1),2,egg (L),140,9,126,2,0,0,13,48,146,0,1,$ 1.25,Proteins
8/23/2025,09:30,Broccoli (dry),Nasi Goreng (Vegetarian Fried Rice) (Portion: 1),100,gram,41,0,0,7,2,0,3,47,280,0,1,$ 0.97,Plants
8/23/2025,13:00,Direct Entry - Sodium (mg),"Direct Entry Template (1000 cal, 35g fat, 1500mg sodium) (Portion: 1): Whole Foods Lunch (Mashed Potatoes + Meatballs + Vegetables)",2000,mg,0,0,"2,000",0,0,0,0,0,0,0,0,$ 0.00,Processed Foods
8/23/2025,13:00,Direct Entry - Protein (g),"Direct Entry Template (1000 cal, 35g fat, 1500mg sodium) (Portion: 1): Whole Foods Lunch (Mashed Potatoes + Meatballs + Vegetables)",35,gram,140,0,0,0,0,0,35,0,0,0,0,$ 0.00,Processed Foods
8/23/2025,13:00,Direct Entry - Fat (g),"Direct Entry Template (1000 cal, 35g fat, 1500mg sodium) (Portion: 1): Whole Foods Lunch (Mashed Potatoes + Meatballs + Vegetables)",50,gram,450,50,0,0,0,0,0,0,0,0,0,$ 0.00,Processed Foods
8/23/2025,13:00,Direct Entry - Carbohydrate (g),"Direct Entry Template (1000 cal, 35g fat, 1500mg sodium) (Portion: 1): Whole Foods Lunch (Mashed Potatoes + Meatballs + Vegetables)",100,gram,400,0,0,100,0,0,0,0,0,0,0,$ 0.00,Processed Foods
8/23/2025,16:00,Direct Entry - Sodium (mg),"Direct Entry Template (1000 cal, 35g fat, 1500mg sodium) (Portion: 1): BBQ at Whittney's",2000,mg,0,0,"2,000",0,0,0,0,0,0,0,0,$ 0.00,Processed Foods
8/23/2025,16:00,Direct Entry - Protein (g),"Direct Entry Template (1000 cal, 35g fat, 1500mg sodium) (Portion: 1): BBQ at Whittney's",40,gram,160,0,0,0,0,0,40,0,0,0,0,$ 0.00,Processed Foods
8/23/2025,16:00,Direct Entry - Fat (g),"Direct Entry Template (1000 cal, 35g fat, 1500mg sodium) (Portion: 1): BBQ at Whittney's",50,gram,450,50,0,0,0,0,0,0,0,0,0,$ 0.00,Processed Foods
8/23/2025,16:00,Direct Entry - Carbohydrate (g),"Direct Entry Template (1000 cal, 35g fat, 1500mg sodium) (Portion: 1): BBQ at Whittney's",100,gram,400,0,0,100,0,0,0,0,0,0,0,$ 0.00,Processed Foods
8/23/2025,21:00,Honey,Evening Yogurt (Portion: 1),15,gram,55,0,0,14,0,0,0,0,0,0,0,$ 0.36,Sweets
8/23/2025,21:00,Greek Yogurt (Whole Milk - Chobani),Evening Yogurt (Portion: 1),250,gram,249,13,88,10,0,0,22,250,338,0,0,$ 2.03,Dairy
8/23/2025,21:00,Blueberries (fresh),Evening Yogurt (Portion: 1),65,gram,42,0,1,10,2,0,0,4,50,0,0,$ 0.89,Plants
8/24/2025,09:00,Greek Yogurt (Whole Milk - Chobani),Breakfast Bowl (Portion: 1),250,gram,249,13,88,10,0,0,22,250,338,0,0,$ 2.03,Dairy
8/24/2025,09:00,"Granola (Chocolate Coffee, Trader Joe's)",Breakfast Bowl (Portion: 1),50,gram,224,7,69,36,4,13,4,17,207,0,0,$ 0.59,Carbs
8/24/2025,09:30,Nespresso,,1,shot,0,0,0,0,0,0,0,0,0,65,0,$ 0.99,Supplements
8/24/2025,10:30,Sriracha (Trader Joe's),Nasi Goreng (Vegetarian Fried Rice) (Portion: 1),2,tsp,8,0,150,2,0,2,0,0,20,0,0,$ 0.00,Condiments
8/24/2025,10:30,"Seasoning, Umami Multi-Purpose (Trader Joe's)",Nasi Goreng (Vegetarian Fried Rice) (Portion: 1),0.25,tsp,0,0,140,0,0,0,0,0,0,0,0,$ 0.00,Condiments
8/24/2025,10:30,"Seasoning, Salt for Life (Nature's Alternative Salt)",Nasi Goreng (Vegetarian Fried Rice) (Portion: 1),0.125,tsp,0,0,70,0,0,0,0,0,235,0,0,$ 0.00,Condiments
8/24/2025,10:30,"Rice, Brown Jasmine (Dry - Trader Joe's)",Nasi Goreng (Vegetarian Fried Rice) (Portion: 1),100,gram,368,3,0,76,4,0,9,0,222,0,2,$ 0.29,Carbs
8/24/2025,10:30,Olive oil,Nasi Goreng (Vegetarian Fried Rice) (Portion: 1),1,tbsp,126,14,0,0,0,0,0,0,0,0,0,$ 0.20,Oils and butters
8/24/2025,10:30,Green Beans,Nasi Goreng (Vegetarian Fried Rice) (Portion: 1),100,gram,36,0,6,7,3,0,2,30,150,0,1,$ 0.72,Plants
8/24/2025,10:30,Egg (L) whole,Nasi Goreng (Vegetarian Fried Rice) (Portion: 1),2,egg (L),140,9,126,2,0,0,13,48,146,0,1,$ 1.25,Proteins
8/24/2025,10:30,Bell Pepper (Fresh),Extra veggies in Nasi Goreng,50,gram,14,0,0,4,1,0,0,5,100,0,0,$ 0.41,Plants
8/24/2025,14:15,Tomato Sauce (Muir Glen),Fusili with Veggies & Red Sauce (1 serving) (Portion: 1),0.2,can,39,0,28,8,1,0,1,0,224,0,0,$ 0.74,Plants
8/24/2025,14:15,"Tomato Paste (Organic, Trader Joe's)",Fusili with Veggies & Red Sauce (1 serving) (Portion: 1),0.2,can,30,0,25,7,2,4,1,0,58,0,0,$ 0.20,Condiments
8/24/2025,14:15,"Seasoning, Umami Multi-Purpose (Trader Joe's)",Fusili with Veggies & Red Sauce (1 serving) (Portion: 1),0.25,tsp,0,0,140,0,0,0,0,0,0,0,0,$ 0.00,Condiments
8/24/2025,14:15,"Seasoning, Umami Multi-Purpose (Trader Joe's)",Fusili with Veggies & Red Sauce (1 serving) (Portion: 1),0.05,tsp,0,0,28,0,0,0,0,0,0,0,0,$ 0.00,Condiments
8/24/2025,14:15,"Seasoning, Salt for Life (Nature's Alternative Salt)",Fusili with Veggies & Red Sauce (1 serving) (Portion: 1),0.25,tsp,0,0,140,0,0,0,0,0,470,0,0,$ 0.00,Condiments
8/24/2025,14:15,"Pasta, Fusilli, Whole Wheat (De Cecco)",Fusili with Veggies & Red Sauce (1 serving) (Portion: 1),125,gram,460,4,0,87,9,2,18,60,375,0,0,$ 0.83,Carbs
8/24/2025,14:15,Olive oil,Fusili with Veggies & Red Sauce (1 serving) (Portion: 1),1,tbsp,126,14,0,0,0,0,0,0,0,0,0,$ 0.20,Oils and butters
8/24/2025,14:15,Green Beans,Fusili with Veggies & Red Sauce (1 serving) (Portion: 1),50,gram,18,0,3,4,2,0,1,15,75,0,0,$ 0.36,Plants
8/24/2025,14:15,Bell Pepper (Fresh),Fusili with Veggies & Red Sauce (1 serving) (Portion: 1),50,gram,14,0,0,4,1,0,0,5,100,0,0,$ 0.41,Plants
8/24/2025,14:15,"Beef, Ground (90% Lean, 10% Fat)",Fusili with Veggies & Red Sauce (1 serving) (Portion: 1),90.4,gram,153,9,60,0,0,0,18,0,288,0,2,$ 1.40,Proteins
8/24/2025,16:15,"Cashews, Whole (Salted, 50% Less Sodium, Trader Joe's)",Apple & Cashews (Portion: 1),35,gram,212,16,64,11,1,0,6,12,222,0,2,$ 0.65,"Nuts, seeds, legumes"
8/24/2025,16:15,"Apple (small, around 150g in total)",Apple & Cashews (Portion: 1),1,pc,84,0,2,21,4,0,0,10,195,0,0,$ 1.32,Plants
8/24/2025,17:00,"Fruits, Frozen (Average, Trader Joe's)",Carb Loading Shake (Portion: 1),85,gram,44,0,0,11,2,0,0,12,128,0,0,$ 0.75,Plants
8/24/2025,17:00,Oats,Carb Loading Shake (Portion: 1),100,gram,376,6,0,68,10,0,13,0,350,0,4,$ 0.44,Bulk ingredients
8/24/2025,17:00,"Milk (2%, Clover Sonoma)",Carb Loading Shake (Portion: 1),480,ml,274,10,280,26,0,0,20,700,920,0,0,$ 0.89,Bulk ingredients
8/24/2025,17:00,Husks (Whole Psyllium),Carb Loading Shake (Portion: 1),1,tbsp,16,0,5,4,4,0,0,0,49,0,0,$ 0.00,Fibers
8/24/2025,19:00,Sweet Potato,Japanese Sweet Potato (500g) from the Oven (Portion: 0.5),250,gram,235,1,90,53,8,0,5,95,"1,188",0,0,$ 1.65,Carbs
8/24/2025,19:00,"Seasoning, Umami Multi-Purpose (Trader Joe's)",Broccoli from the Oven (100g portion) (Portion: 1),0.125,tsp,0,0,70,0,0,0,0,0,0,0,0,$ 0.00,Condiments
8/24/2025,19:00,"Seasoning, Umami Multi-Purpose (Trader Joe's)",Roasted Chicken from the Oven (Portion: 0.2),0.1,tsp,0,0,56,0,0,0,0,0,0,0,0,$ 0.00,Condiments
8/24/2025,19:00,"Seasoning, Umami Multi-Purpose (Trader Joe's)",Japanese Sweet Potato (500g) from the Oven (Portion: 0.5),0.25,tsp,0,0,140,0,0,0,0,0,0,0,0,$ 0.00,Condiments
8/24/2025,19:00,Olive oil,Broccoli from the Oven (100g portion) (Portion: 1),0.5,tbsp,63,7,0,0,0,0,0,0,0,0,0,$ 0.10,Oils and butters
8/24/2025,19:00,Olive oil,Roasted Chicken from the Oven (Portion: 0.2),0.4,tbsp,50,6,0,0,0,0,0,0,0,0,0,$ 0.08,Oils and butters
8/24/2025,19:00,Olive oil,Japanese Sweet Potato (500g) from the Oven (Portion: 0.5),1,tbsp,126,14,0,0,0,0,0,0,0,0,0,$ 0.20,Oils and butters
8/24/2025,19:00,"Chicken Thigh (Skinless, Boneless)",Roasted Chicken from the Oven (Portion: 0.2),140,gram,299,19,244,0,0,0,32,15,356,0,1,$ 3.23,Proteins
8/24/2025,19:00,Broccoli (dry),Broccoli from the Oven (100g portion) (Portion: 1),100,gram,41,0,0,7,2,0,3,47,280,0,1,$ 0.97,Plants
8/24/2025,22:00,Honey,Evening Yogurt (Portion: 1),15,gram,55,0,0,14,0,0,0,0,0,0,0,$ 0.36,Sweets
8/24/2025,22:00,Greek Yogurt (Whole Milk - Chobani),Evening Yogurt (Portion: 1),250,gram,249,13,88,10,0,0,22,250,338,0,0,$ 2.03,Dairy
8/24/2025,22:00,Blueberries (fresh),Evening Yogurt (Portion: 1),65,gram,42,0,1,10,2,0,0,4,50,0,0,$ 0.89,Plants
8/25/2025,08:30,Greek Yogurt (Whole Milk - Chobani),Breakfast Bowl (Portion: 1),250,gram,249,13,88,10,0,0,22,250,338,0,0,$ 2.03,Dairy
8/25/2025,08:30,"Granola (Chocolate Coffee, Trader Joe's)",Breakfast Bowl (Portion: 1),50,gram,224,7,69,36,4,13,4,17,207,0,0,$ 0.59,Carbs
8/25/2025,11:15,Sriracha (Trader Joe's),Nasi Goreng (Vegetarian Fried Rice) (Portion: 1),2,tsp,8,0,150,2,0,2,0,0,20,0,0,$ 0.00,Condiments
8/25/2025,11:15,"Seasoning, Umami Multi-Purpose (Trader Joe's)",Nasi Goreng (Vegetarian Fried Rice) (Portion: 1),0.25,tsp,0,0,140,0,0,0,0,0,0,0,0,$ 0.00,Condiments
8/25/2025,11:15,"Seasoning, Salt for Life (Nature's Alternative Salt)",Nasi Goreng (Vegetarian Fried Rice) (Portion: 1),0.125,tsp,0,0,70,0,0,0,0,0,235,0,0,$ 0.00,Condiments
8/25/2025,11:15,"Rice, Brown Jasmine (Dry - Trader Joe's)",Nasi Goreng (Vegetarian Fried Rice) (Portion: 1),100,gram,368,3,0,76,4,0,9,0,222,0,2,$ 0.29,Carbs
8/25/2025,11:15,Olive oil,Nasi Goreng (Vegetarian Fried Rice) (Portion: 1),1,tbsp,126,14,0,0,0,0,0,0,0,0,0,$ 0.20,Oils and butters
8/25/2025,11:15,Egg (L) whole,Nasi Goreng (Vegetarian Fried Rice) (Portion: 1),2,egg (L),140,9,126,2,0,0,13,48,146,0,1,$ 1.25,Proteins
8/25/2025,11:15,Broccoli (dry),Nasi Goreng (Vegetarian Fried Rice) (Portion: 1),100,gram,41,0,0,7,2,0,3,47,280,0,1,$ 0.97,Plants
8/25/2025,13:00,"Banana (medium, around 150g with skin)",,1,pc,95,0,1,22,3,0,1,6,350,0,0,$ 0.00,Plants
8/25/2025,14:30,Tomato Sauce (Muir Glen),Fusili with Veggies & Red Sauce (1 serving) (Portion: 1),0.2,can,39,0,28,8,1,0,1,0,224,0,0,$ 0.74,Plants
8/25/2025,14:30,"Tomato Paste (Organic, Trader Joe's)",Fusili with Veggies & Red Sauce (1 serving) (Portion: 1),0.2,can,30,0,25,7,2,4,1,0,58,0,0,$ 0.20,Condiments
8/25/2025,14:30,"Seasoning, Umami Multi-Purpose (Trader Joe's)",Fusili with Veggies & Red Sauce (1 serving) (Portion: 1),0.25,tsp,0,0,140,0,0,0,0,0,0,0,0,$ 0.00,Condiments
8/25/2025,14:30,"Seasoning, Umami Multi-Purpose (Trader Joe's)",Fusili with Veggies & Red Sauce (1 serving) (Portion: 1),0.05,tsp,0,0,28,0,0,0,0,0,0,0,0,$ 0.00,Condiments
8/25/2025,14:30,"Seasoning, Salt for Life (Nature's Alternative Salt)",Fusili with Veggies & Red Sauce (1 serving) (Portion: 1),0.25,tsp,0,0,140,0,0,0,0,0,470,0,0,$ 0.00,Condiments
8/25/2025,14:30,"Pasta, Fusilli, Whole Wheat (De Cecco)",Fusili with Veggies & Red Sauce (1 serving) (Portion: 1),125,gram,460,4,0,87,9,2,18,60,375,0,0,$ 0.83,Carbs
8/25/2025,14:30,Olive oil,Fusili with Veggies & Red Sauce (1 serving) (Portion: 1),1,tbsp,126,14,0,0,0,0,0,0,0,0,0,$ 0.20,Oils and butters
8/25/2025,14:30,Green Beans,Fusili with Veggies & Red Sauce (1 serving) (Portion: 1),50,gram,18,0,3,4,2,0,1,15,75,0,0,$ 0.36,Plants
8/25/2025,14:30,Bell Pepper (Fresh),Fusili with Veggies & Red Sauce (1 serving) (Portion: 1),50,gram,14,0,0,4,1,0,0,5,100,0,0,$ 0.41,Plants
8/25/2025,14:30,"Beef, Ground (90% Lean, 10% Fat)",Fusili with Veggies & Red Sauce (1 serving) (Portion: 1),90.4,gram,153,9,60,0,0,0,18,0,288,0,2,$ 1.40,Proteins
8/25/2025,16:00,"Fruits, Frozen (Average, Trader Joe's)",Carb Loading Shake (Portion: 1),75,gram,39,0,0,10,2,0,0,11,113,0,0,$ 0.66,Plants
8/25/2025,16:00,Oats,Carb Loading Shake (Portion: 1),100,gram,376,6,0,68,10,0,13,0,350,0,4,$ 0.44,Bulk ingredients
8/25/2025,16:00,"Milk (2%, Clover Sonoma)",Carb Loading Shake (Portion: 1),480,ml,274,10,280,26,0,0,20,700,920,0,0,$ 0.89,Bulk ingredients
8/25/2025,16:00,Husks (Whole Psyllium),Carb Loading Shake (Portion: 1),1,tbsp,16,0,5,4,4,0,0,0,49,0,0,$ 0.00,Fibers
8/25/2025,18:00,"Cashews, Whole (Salted, 50% Less Sodium, Trader Joe's)",Apple & Cashews (Portion: 1),35,gram,212,16,64,11,1,0,6,12,222,0,2,$ 0.65,"Nuts, seeds, legumes"
8/25/2025,18:00,"Apple (small, around 150g in total)",Apple & Cashews (Portion: 1),1,pc,84,0,2,21,4,0,0,10,195,0,0,$ 1.32,Plants
8/25/2025,19:15,"Seasoning, Umami Multi-Purpose (Trader Joe's)","Mashed Potatoes, Bell Pepper, Broccoli and Beef (Portion: 1)",1,tsp,0,0,560,0,0,0,0,0,0,0,0,$ 0.00,Condiments
8/25/2025,19:15,"Potato, Yellow (Dry)","Mashed Potatoes, Bell Pepper, Broccoli and Beef (Portion: 1)",400,gram,352,0,0,80,6,0,8,28,"1,400",0,1,$ 0.00,Carbs
8/25/2025,19:15,Olive oil,"Mashed Potatoes, Bell Pepper, Broccoli and Beef (Portion: 1)",1,tbsp,126,14,0,0,0,0,0,0,0,0,0,$ 0.20,Oils and butters
8/25/2025,19:15,"Butter (unsalted, Clover)","Mashed Potatoes, Bell Pepper, Broccoli and Beef (Portion: 1)",20,gram,141,16,0,0,0,0,0,0,0,0,0,$ 0.00,Oils and butters
8/25/2025,19:15,Broccoli (dry),"Mashed Potatoes, Bell Pepper, Broccoli and Beef (Portion: 1)",50,gram,20,0,0,3,1,0,1,24,140,0,0,$ 0.48,Plants
8/25/2025,19:15,Bell Pepper (Fresh),"Mashed Potatoes, Bell Pepper, Broccoli and Beef (Portion: 1)",100,gram,28,0,0,7,1,0,0,10,200,0,0,$ 0.81,Plants
8/25/2025,19:15,"Beef, Ground (90% Lean, 10% Fat)","Mashed Potatoes, Bell Pepper, Broccoli and Beef (Portion: 1)",113,gram,191,11,75,0,0,0,23,0,360,0,2,$ 1.75,Proteins
8/25/2025,22:00,Honey,Evening Yogurt (Portion: 1),15,gram,55,0,0,14,0,0,0,0,0,0,0,$ 0.36,Sweets
8/25/2025,22:00,Greek Yogurt (Whole Milk - Chobani),Evening Yogurt (Portion: 1),250,gram,249,13,88,10,0,0,22,250,338,0,0,$ 2.03,Dairy
8/25/2025,22:00,Blueberries (fresh),Evening Yogurt (Portion: 1),65,gram,42,0,1,10,2,0,0,4,50,0,0,$ 0.89,Plants
8/26/2025,07:00,Greek Yogurt (Whole Milk - Chobani),Breakfast Bowl (Portion: 1),250,gram,249,13,88,10,0,0,22,250,338,0,0,$ 2.03,Dairy
8/26/2025,07:00,"Granola (Chocolate Coffee, Trader Joe's)",Breakfast Bowl (Portion: 1),50,gram,224,7,69,36,4,13,4,17,207,0,0,$ 0.59,Carbs
8/26/2025,09:15,"Banana (medium, around 150g with skin)",,1,pc,95,0,1,22,3,0,1,6,350,0,0,$ 0.00,Plants
8/26/2025,09:30,Nespresso,,1,shot,0,0,0,0,0,0,0,0,0,65,0,$ 0.99,Supplements
8/26/2025,11:15,Sriracha (Trader Joe's),Nasi Goreng (Vegetarian Fried Rice) (Portion: 1),2,tsp,8,0,150,2,0,2,0,0,20,0,0,$ 0.00,Condiments
8/26/2025,11:15,"Seasoning, Umami Multi-Purpose (Trader Joe's)",Nasi Goreng (Vegetarian Fried Rice) (Portion: 1),0.25,tsp,0,0,140,0,0,0,0,0,0,0,0,$ 0.00,Condiments
8/26/2025,11:15,"Seasoning, Salt for Life (Nature's Alternative Salt)",Nasi Goreng (Vegetarian Fried Rice) (Portion: 1),0.125,tsp,0,0,70,0,0,0,0,0,235,0,0,$ 0.00,Condiments
8/26/2025,11:15,"Rice, Brown Jasmine (Dry - Trader Joe's)",Nasi Goreng (Vegetarian Fried Rice) (Portion: 1),100,gram,368,3,0,76,4,0,9,0,222,0,2,$ 0.29,Carbs
8/26/2025,11:15,Olive oil,Nasi Goreng (Vegetarian Fried Rice) (Portion: 1),1,tbsp,126,14,0,0,0,0,0,0,0,0,0,$ 0.20,Oils and butters
8/26/2025,11:15,"Chicken Thigh (Skinless, Boneless)",,100,gram,214,14,174,0,0,0,23,11,254,0,1,$ 2.31,Proteins
8/26/2025,11:15,Broccoli (dry),Nasi Goreng (Vegetarian Fried Rice) (Portion: 1),100,gram,41,0,0,7,2,0,3,47,280,0,1,$ 0.97,Plants
8/26/2025,11:30,"Banana (medium, around 150g with skin)",,1,pc,95,0,1,22,3,0,1,6,350,0,0,$ 0.00,Plants
8/26/2025,14:00,"Cappuccino (Medium, Peet's, 2% Milk)",,1,Medium,141,5,130,15,0,11,9,325,450,126,0,$ 0.00,Dairy
8/26/2025,15:00,Tomato Sauce (Muir Glen),Fusili with Veggies & Red Sauce (1 serving) (Portion: 1),0.2,can,39,0,28,8,1,0,1,0,224,0,0,$ 0.74,Plants
8/26/2025,15:00,"Tomato Paste (Organic, Trader Joe's)",Fusili with Veggies & Red Sauce (1 serving) (Portion: 1),0.2,can,30,0,25,7,2,4,1,0,58,0,0,$ 0.20,Condiments
8/26/2025,15:00,"Seasoning, Umami Multi-Purpose (Trader Joe's)",Fusili with Veggies & Red Sauce (1 serving) (Portion: 1),0.05,tsp,0,0,28,0,0,0,0,0,0,0,0,$ 0.00,Condiments
8/26/2025,15:00,"Seasoning, Umami Multi-Purpose (Trader Joe's)",Fusili with Veggies & Red Sauce (1 serving) (Portion: 1),0.25,tsp,0,0,140,0,0,0,0,0,0,0,0,$ 0.00,Condiments
8/26/2025,15:00,"Seasoning, Salt for Life (Nature's Alternative Salt)",Fusili with Veggies & Red Sauce (1 serving) (Portion: 1),0.25,tsp,0,0,140,0,0,0,0,0,470,0,0,$ 0.00,Condiments
8/26/2025,15:00,"Pasta, Fusilli, Whole Wheat (De Cecco)",Fusili with Veggies & Red Sauce (1 serving) (Portion: 1),125,gram,460,4,0,87,9,2,18,60,375,0,0,$ 0.83,Carbs
8/26/2025,15:00,Olive oil,Fusili with Veggies & Red Sauce (1 serving) (Portion: 1),1,tbsp,126,14,0,0,0,0,0,0,0,0,0,$ 0.20,Oils and butters
8/26/2025,15:00,Green Beans,Fusili with Veggies & Red Sauce (1 serving) (Portion: 1),50,gram,18,0,3,4,2,0,1,15,75,0,0,$ 0.36,Plants
8/26/2025,15:00,Bell Pepper (Fresh),Fusili with Veggies & Red Sauce (1 serving) (Portion: 1),50,gram,14,0,0,4,1,0,0,5,100,0,0,$ 0.41,Plants
8/26/2025,15:00,"Beef, Ground (90% Lean, 10% Fat)",Fusili with Veggies & Red Sauce (1 serving) (Portion: 1),90.4,gram,153,9,60,0,0,0,18,0,288,0,2,$ 1.40,Proteins
8/26/2025,17:15,Oats,Carb Loading Shake (Portion: 1),100,gram,376,6,0,68,10,0,13,0,350,0,4,$ 0.44,Bulk ingredients
8/26/2025,17:15,"Milk (2%, Clover Sonoma)",Carb Loading Shake (Portion: 1),480,ml,274,10,280,26,0,0,20,700,920,0,0,$ 0.89,Bulk ingredients
8/26/2025,17:15,Husks (Whole Psyllium),Carb Loading Shake (Portion: 1),1,tbsp,16,0,5,4,4,0,0,0,49,0,0,$ 0.00,Fibers
8/26/2025,17:15,"Fruits, Frozen (Average, Trader Joe's)",Carb Loading Shake (Portion: 1),75,gram,39,0,0,10,2,0,0,11,113,0,0,$ 0.66,Plants
8/26/2025,18:00,"Cashews, Whole (Salted, 50% Less Sodium, Trader Joe's)",Apple & Cashews (Portion: 1),35,gram,212,16,64,11,1,0,6,12,222,0,2,$ 0.65,"Nuts, seeds, legumes"
8/26/2025,18:00,"Apple (small, around 150g in total)",Apple & Cashews (Portion: 1),1,pc,84,0,2,21,4,0,0,10,195,0,0,$ 1.32,Plants
8/26/2025,19:30,"Seasoning, Umami Multi-Purpose (Trader Joe's)","Brussels and fingerling potatoes from the oven (Portion: 1) - Total was divided over two portions: 400g Brussels, 454g Fingerling, 4 Olive oils, 4 * .25 Humami",0.5,tsp,0,0,280,0,0,0,0,0,0,0,0,$ 0.00,Condiments
8/26/2025,19:30,"Salmon, Atlantic (Skin On - Trader Joe's)",It's a lot of salmon...,100,gram,201,13,58,0,0,0,20,9,363,0,0,$ 0.00,Proteins
8/26/2025,19:30,"Potatoes, Yellow Fingerling (Southwind Farms)","Brussels and fingerling potatoes from the oven (Portion: 1) - Total was divided over two portions: 400g Brussels, 454g Fingerling, 4 Olive oils, 4 * .25 Humami",227,gram,175,0,38,40,4,0,4,15,614,0,0,$ 0.00,Carbs
8/26/2025,19:30,Olive oil,"Brussels and fingerling potatoes from the oven (Portion: 1) - Total was divided over two portions: 400g Brussels, 454g Fingerling, 4 Olive oils, 4 * .25 Humami",2,tbsp,252,28,0,0,0,0,0,0,0,0,0,$ 0.40,Oils and butters
8/26/2025,19:30,"Butter (unsalted, Clover)",,15,gram,106,12,0,0,0,0,0,0,0,0,0,$ 0.00,Oils and butters
8/26/2025,19:30,"Brussels sprouts (steamed, no oil)","Brussels and fingerling potatoes from the oven (Portion: 1) - Total was divided over two portions: 400g Brussels, 454g Fingerling, 4 Olive oils, 4 * .25 Humami",200,gram,105,1,50,18,8,0,7,84,777,0,2,$ 0.00,Plants
8/26/2025,22:00,Honey,Evening Yogurt (Portion: 1),15,gram,55,0,0,14,0,0,0,0,0,0,0,$ 0.36,Sweets
8/26/2025,22:00,Greek Yogurt (Whole Milk - Chobani),Evening Yogurt (Portion: 1),150,gram,149,8,53,6,0,0,13,150,203,0,0,$ 1.22,Dairy
8/26/2025,22:00,Blueberries (fresh),Evening Yogurt (Portion: 1),65,gram,42,0,1,10,2,0,0,4,50,0,0,$ 0.89,Plants
8/27/2025,09:30,Greek Yogurt (Whole Milk - Chobani),Breakfast Bowl (Portion: 1): Later breakfast than usual due to nighttime mosquito,250,gram,249,13,88,10,0,0,22,250,338,0,0,$ 2.03,Dairy
8/27/2025,09:30,"Granola (Chocolate Coffee, Trader Joe's)",Breakfast Bowl (Portion: 1): Later breakfast than usual due to nighttime mosquito,50,gram,224,7,69,36,4,13,4,17,207,0,0,$ 0.59,Carbs
8/27/2025,10:45,Sriracha (Trader Joe's),Nasi Goreng (Vegetarian Fried Rice) (Portion: 1),2,tsp,8,0,150,2,0,2,0,0,20,0,0,$ 0.00,Condiments
8/27/2025,10:45,"Seasoning, Umami Multi-Purpose (Trader Joe's)",Nasi Goreng (Vegetarian Fried Rice) (Portion: 1),0.25,tsp,0,0,140,0,0,0,0,0,0,0,0,$ 0.00,Condiments
8/27/2025,10:45,"Seasoning, Salt for Life (Nature's Alternative Salt)",Nasi Goreng (Vegetarian Fried Rice) (Portion: 1),0.125,tsp,0,0,70,0,0,0,0,0,235,0,0,$ 0.00,Condiments
8/27/2025,10:45,"Rice, Brown Jasmine (Dry - Trader Joe's)",Nasi Goreng (Vegetarian Fried Rice) (Portion: 1),100,gram,368,3,0,76,4,0,9,0,222,0,2,$ 0.29,Carbs
8/27/2025,10:45,Olive oil,Nasi Goreng (Vegetarian Fried Rice) (Portion: 1),1,tbsp,126,14,0,0,0,0,0,0,0,0,0,$ 0.20,Oils and butters
8/27/2025,10:45,"Chicken Thigh (Skinless, Boneless)",Nasi Goreng substituted egg with chicken,100,gram,214,14,174,0,0,0,23,11,254,0,1,$ 2.31,Proteins
8/27/2025,10:45,Broccoli (dry),Nasi Goreng (Vegetarian Fried Rice) (Portion: 1),125,gram,51,0,0,8,3,0,4,59,350,0,1,$ 1.21,Plants
8/27/2025,13:45,Tomato Sauce (Muir Glen),Fusili with Veggies & Red Sauce (1 serving) (Portion: 1),0.2,can,39,0,28,8,1,0,1,0,224,0,0,$ 0.74,Plants
8/27/2025,13:45,"Tomato Paste (Organic, Trader Joe's)",Fusili with Veggies & Red Sauce (1 serving) (Portion: 1),0.2,can,30,0,25,7,2,4,1,0,58,0,0,$ 0.20,Condiments
8/27/2025,13:45,"Seasoning, Umami Multi-Purpose (Trader Joe's)",Fusili with Veggies & Red Sauce (1 serving) (Portion: 1),0.05,tsp,0,0,28,0,0,0,0,0,0,0,0,$ 0.00,Condiments
8/27/2025,13:45,"Seasoning, Umami Multi-Purpose (Trader Joe's)",Fusili with Veggies & Red Sauce (1 serving) (Portion: 1),0.25,tsp,0,0,140,0,0,0,0,0,0,0,0,$ 0.00,Condiments
8/27/2025,13:45,"Seasoning, Salt for Life (Nature's Alternative Salt)",Fusili with Veggies & Red Sauce (1 serving) (Portion: 1),0.25,tsp,0,0,140,0,0,0,0,0,470,0,0,$ 0.00,Condiments
8/27/2025,13:45,"Pasta, Fusilli, Whole Wheat (De Cecco)",Fusili with Veggies & Red Sauce (1 serving) (Portion: 1),125,gram,460,4,0,87,9,2,18,60,375,0,0,$ 0.83,Carbs
8/27/2025,13:45,Olive oil,Fusili with Veggies & Red Sauce (1 serving) (Portion: 1),1,tbsp,126,14,0,0,0,0,0,0,0,0,0,$ 0.20,Oils and butters
8/27/2025,13:45,Green Beans,Fusili with Veggies & Red Sauce (1 serving) (Portion: 1),50,gram,18,0,3,4,2,0,1,15,75,0,0,$ 0.36,Plants
8/27/2025,13:45,Bell Pepper (Fresh),Fusili with Veggies & Red Sauce (1 serving) (Portion: 1),50,gram,14,0,0,4,1,0,0,5,100,0,0,$ 0.41,Plants
8/27/2025,13:45,"Beef, Ground (90% Lean, 10% Fat)",Fusili with Veggies & Red Sauce (1 serving) (Portion: 1),90.4,gram,153,9,60,0,0,0,18,0,288,0,2,$ 1.40,Proteins
8/27/2025,14:30,"Cappuccino (Medium, Peet's, 2% Milk)",,1,Medium,141,5,130,15,0,11,9,325,450,126,0,$ 0.00,Dairy
8/27/2025,15:30,Oats,Carb Loading Shake (Portion: 1),100,gram,376,6,0,68,10,0,13,0,350,0,4,$ 0.44,Bulk ingredients
8/27/2025,15:30,"Milk (2%, Clover Sonoma)",Carb Loading Shake (Portion: 1). Did half milk half water because I already had a cappuccino,240,ml,137,5,140,13,0,0,10,350,460,0,0,$ 0.44,Bulk ingredients
8/27/2025,15:30,Husks (Whole Psyllium),Carb Loading Shake (Portion: 1),1,tbsp,16,0,5,4,4,0,0,0,49,0,0,$ 0.00,Fibers
8/27/2025,15:30,"Fruits, Frozen (Average, Trader Joe's)",Carb Loading Shake (Portion: 1),75,gram,39,0,0,10,2,0,0,11,113,0,0,$ 0.66,Plants
8/27/2025,17:30,"Cashews, Whole (Salted, 50% Less Sodium, Trader Joe's)",Apple & Cashews (Portion: 1),35,gram,212,16,64,11,1,0,6,12,222,0,2,$ 0.65,"Nuts, seeds, legumes"
8/27/2025,17:30,"Apple (small, around 150g in total)",Apple & Cashews (Portion: 1),1,pc,84,0,2,21,4,0,0,10,195,0,0,$ 1.32,Plants
8/27/2025,19:00,"Peanut butter with Honey (organic, Justin's)",Part of Hans' pasta salad. He made a peanut sauce with honey and sesame oil so am using regular peanut butter as a proxy,25,gram,160,13,70,5,1,3,5,0,70,0,0,$ 0.00,Bulk ingredients
8/27/2025,19:00,"Pasta, Casarecce (Durum Wheat Semolina - Whole Foods) - Dry",Part of Hans' pasta salad. It was some other pasta from Hans but same same,125,gram,449,2,0,94,4,0,13,0,268,0,0,$ 0.00,Carbs
8/27/2025,19:00,"Chicken Thigh (Skinless, Boneless)",Part of Hans' pasta salad,100,gram,214,14,174,0,0,0,23,11,254,0,1,$ 2.31,Proteins
8/27/2025,22:00,Honey,Evening Yogurt (Portion: 1),15,gram,55,0,0,14,0,0,0,0,0,0,0,$ 0.36,Sweets
8/27/2025,22:00,Greek Yogurt (Whole Milk - Chobani),Evening Yogurt (Portion: 1),250,gram,249,13,88,10,0,0,22,250,338,0,0,$ 2.03,Dairy
8/27/2025,22:00,Blueberries (fresh),Evening Yogurt (Portion: 1),65,gram,42,0,1,10,2,0,0,4,50,0,0,$ 0.89,Plants
,,,,,#N/A,#N/A,#N/A,#N/A,#N/A,#N/A,#N/A,#N/A,#N/A,#N/A,#N/A,#N/A,#N/A,#N/A
,,,,,#N/A,#N/A,#N/A,#N/A,#N/A,#N/A,#N/A,#N/A,#N/A,#N/A,#N/A,#N/A,#N/A,#N/A
,,,,,#N/A,#N/A,#N/A,#N/A,#N/A,#N/A,#N/A,#N/A,#N/A,#N/A,#N/A,#N/A,#N/A,#N/A
,,,,,#N/A,#N/A,#N/A,#N/A,#N/A,#N/A,#N/A,#N/A,#N/A,#N/A,#N/A,#N/A,#N/A,#N/A
,,,,,#N/A,#N/A,#N/A,#N/A,#N/A,#N/A,#N/A,#N/A,#N/A,#N/A,#N/A,#N/A,#N/A,#N/A
,,,,,#N/A,#N/A,#N/A,#N/A,#N/A,#N/A,#N/A,#N/A,#N/A,#N/A,#N/A,#N/A,#N/A,#N/A
,,,,,#N/A,#N/A,#N/A,#N/A,#N/A,#N/A,#N/A,#N/A,#N/A,#N/A,#N/A,#N/A,#N/A,#N/A
,,,,,#N/A,#N/A,#N/A,#N/A,#N/A,#N/A,#N/A,#N/A,#N/A,#N/A,#N/A,#N/A,#N/A,#N/A
,,,,,#N/A,#N/A,#N/A,#N/A,#N/A,#N/A,#N/A,#N/A,#N/A,#N/A,#N/A,#N/A,#N/A,#N/A
,,,,,#N/A,#N/A,#N/A,#N/A,#N/A,#N/A,#N/A,#N/A,#N/A,#N/A,#N/A,#N/A,#N/A,#N/A
,,,,,#N/A,#N/A,#N/A,#N/A,#N/A,#N/A,#N/A,#N/A,#N/A,#N/A,#N/A,#N/A,#N/A,#N/A
,,,,,#N/A,#N/A,#N/A,#N/A,#N/A,#N/A,#N/A,#N/A,#N/A,#N/A,#N/A,#N/A,#N/A,#N/A
,,,,,#N/A,#N/A,#N/A,#N/A,#N/A,#N/A,#N/A,#N/A,#N/A,#N/A,#N/A,#N/A,#N/A,#N/A
,,,,,#N/A,#N/A,#N/A,#N/A,#N/A,#N/A,#N/A,#N/A,#N/A,#N/A,#N/A,#N/A,#N/A,#N/A
,,,,,#N/A,#N/A,#N/A,#N/A,#N/A,#N/A,#N/A,#N/A,#N/A,#N/A,#N/A,#N/A,#N/A,#N/A
,,,,,#N/A,#N/A,#N/A,#N/A,#N/A,#N/A,#N/A,#N/A,#N/A,#N/A,#N/A,#N/A,#N/A,#N/A
,,,,,#N/A,#N/A,#N/A,#N/A,#N/A,#N/A,#N/A,#N/A,#N/A,#N/A,#N/A,#N/A,#N/A,#N/A
,,,,,#N/A,#N/A,#N/A,#N/A,#N/A,#N/A,#N/A,#N/A,#N/A,#N/A,#N/A,#N/A,#N/A,#N/A
,,,,,#N/A,#N/A,#N/A,#N/A,#N/A,#N/A,#N/A,#N/A,#N/A,#N/A,#N/A,#N/A,#N/A,#N/A
,,,,,#N/A,#N/A,#N/A,#N/A,#N/A,#N/A,#N/A,#N/A,#N/A,#N/A,#N/A,#N/A,#N/A,#N/A
,,,,,#N/A,#N/A,#N/A,#N/A,#N/A,#N/A,#N/A,#N/A,#N/A,#N/A,#N/A,#N/A,#N/A,#N/A
,,,,,#N/A,#N/A,#N/A,#N/A,#N/A,#N/A,#N/A,#N/A,#N/A,#N/A,#N/A,#N/A,#N/A,#N/A
,,,,,#N/A,#N/A,#N/A,#N/A,#N/A,#N/A,#N/A,#N/A,#N/A,#N/A,#N/A,#N/A,#N/A,#N/A
,,,,,#N/A,#N/A,#N/A,#N/A,#N/A,#N/A,#N/A,#N/A,#N/A,#N/A,#N/A,#N/A,#N/A,#N/A
,,,,,#N/A,#N/A,#N/A,#N/A,#N/A,#N/A,#N/A,#N/A,#N/A,#N/A,#N/A,#N/A,#N/A,#N/A
,,,,,#N/A,#N/A,#N/A,#N/A,#N/A,#N/A,#N/A,#N/A,#N/A,#N/A,#N/A,#N/A,#N/A,#N/A
,,,,,#N/A,#N/A,#N/A,#N/A,#N/A,#N/A,#N/A,#N/A,#N/A,#N/A,#N/A,#N/A,#N/A,#N/A
,,,,,#N/A,#N/A,#N/A,#N/A,#N/A,#N/A,#N/A,#N/A,#N/A,#N/A,#N/A,#N/A,#N/A,#N/A
,,,,,#N/A,#N/A,#N/A,#N/A,#N/A,#N/A,#N/A,#N/A,#N/A,#N/A,#N/A,#N/A,#N/A,#N/A
,,,,,#N/A,#N/A,#N/A,#N/A,#N/A,#N/A,#N/A,#N/A,#N/A,#N/A,#N/A,#N/A,#N/A,#N/A
,,,,,#N/A,#N/A,#N/A,#N/A,#N/A,#N/A,#N/A,#N/A,#N/A,#N/A,#N/A,#N/A,#N/A,#N/A